602;347;629465.93,235457.43,630997.27,236340.11;wms_request.py -count 1000 -region 590000 210000 650000 270000 -minsize 500 300 -maxsize 1920 1080 -minres 0.01 -maxres 20
707;914;620100.16,233328.31,623318.14,237488.46
1340;774;633109.77,248884.55,633284.55,248985.5
669;809;610467.21,238338.87,610490.33,238366.82
839;653;618626.26,222413.21,619502.3,223095.03
1833;836;640448.22,242062.59,649171.49,246041.13
988;1017;602634.58,248663.54,603005.29,249045.12
1470;1053;629260.22,241758.22,636014.97,246596.83
1751;493;617282.05,252489.04,617312.05,252497.49
1109;568;613400.92,225173.53,613421.89,225184.28
547;600;623019.39,244667.39,627258.7,249317.45
1630;863;614197.09,246784.29,642053.75,261532.94
1465;679;618528.09,254079.15,618905.36,254254.01
709;825;607649.29,236202.64,607712.42,236276.1
801;720;614390.15,225100.65,614562.19,225255.29
1164;481;612199.79,258703.69,615246.66,259962.75
762;502;616845.56,240676.7,618926.7,242047.74
723;345;591494.78,244961.98,605518.43,251653.76
1021;796;597838.98,216822.13,599203.89,217886.25
1384;755;608483.31,224920.33,608519.99,224940.34
861;780;601429.96,236263.8,608453.55,242626.63
1881;935;604304.52,231540.76,604336.2,231556.51
1156;537;607440.31,232995.46,607463.32,233006.15
1781;998;613010.98,249502.33,613416.87,249729.77
973;886;622012.68,233730.28,622735.38,234388.35
1005;1016;621553.82,224044.75,635344.65,237986.53
1577;852;603538.89,220447.76,603610.77,220486.59
1867;630;597470.94,253155.06,597512.9,253169.22
871;755;639117.38,252738.04,639213.58,252821.43
1664;743;629384.91,243774.65,637749.48,247509.55
1519;555;600920.74,229768.79,600967.99,229786.06
1553;353;626296.64,234772.36,626313.95,234776.3
1323;1060;632342.5,245888.04,632401.19,245935.05
1078;637;602523.66,249391.95,604088.76,250316.77
1345;566;636228.76,248220.66,637875.11,248913.47
1566;308;603735.34,253018.13,622390.73,256687.26
1920;681;635353.91,256697.52,643235.86,259493.15
1738;538;617980.41,253675.39,649669.66,263484.84
1429;800;629763.01,238268.1,631517.58,239250.36
1590;738;601178.99,255804.07,601224.66,255825.27
1736;586;600615.91,239820.57,618896.94,245991.47
1855;893;641467.33,242950.09,641531.01,242980.75
1135;457;614112.09,228822,615212.87,229265.22
641;596;636837.17,237725.59,646488.97,246699.81
1275;568;593094.98,226130.36,599244.6,228869.95
968;788;610398.96,233625.09,610921.02,234050.07
660;968;609770.96,216544.71,613435.7,221919.67
711;593;631647.98,251755.09,643015.48,261236
1600;497;625742.99,233472.04,630363.52,234907.29
1410;614;643093.54,247725.98,643241.81,247790.54
522;478;630138.17,239101.53,630442.54,239380.25
1261;874;608873.17,249670.45,608891.26,249682.98
1547;390;602071.88,215286.55,603270.18,215588.65
663;644;613388.65,253070.12,613419.12,253099.71
1634;497;598912.64,255637.1,605788.64,257728.51
1029;551;638234.73,240670.32,642396.47,242898.81
631;708;625513.94,236387.77,626282.59,237250.22
658;577;611919.52,232313.07,611933.4,232325.24
1855;878;599666.95,258800.2,604041.8,260870.89
1270;494;600922.89,217404.22,601368.57,217577.58
1237;732;611463.44,243104.66,612171.13,243523.44
975;733;599205.4,228419.94,616602.1,241498.69
1824;618;609708.32,243934.01,612247.04,244794.17
700;953;624872.71,233782.22,632073.79,243585.97
1378;579;616626.53,245384.5,618542.12,246189.38
1008;754;638553.07,250904.01,638593.65,250934.37
1065;372;597961.59,222130,605960.44,224923.97
1416;615;606410.83,243469.45,619627.2,249209.61
1670;328;623516.62,253293.22,646916.56,257889.13
1743;938;624592.84,228630.78,635022.21,234243.37
1276;351;636481.05,249658.45,637030.12,249809.49
1235;822;605793.28,226146.4,606401.94,226551.51
1595;1003;616745.74,219764.55,630545.55,228442.42
613;584;639025.83,241588.68,644268.17,246583.01
1078;646;622259.23,235847.97,629538.03,240209.85
1381;653;608188.38,247229.36,608240.33,247253.93
1885;362;601016.28,240903.8,611235.83,242866.38
1312;532;629649.56,236625.66,635356.57,238939.79
1109;474;612081.02,257904.59,613309.88,258429.82
1546;367;630770.36,239420.53,632856.59,239915.78
679;541;604836.82,232757.14,604917.08,232821.1
1840;1029;600590.97,239173.96,611746.91,245412.8
686;546;629610.11,247487.69,632804.3,250030
814;690;606349.34,222784.76,608165.21,224324.02
1230;796;612627.26,241619.98,613467.08,242163.48
1184;865;599028.56,225811.48,599154.86,225903.75
638;356;599385.3,230589.37,603387.33,232822.47
1744;869;604040.22,247452.22,611604.88,251221.54
554;380;601186.54,218851.74,601439.81,219025.46
513;878;607144.51,242849.84,613120.99,253078.6
1526;523;623089.81,234100.78,623131.4,234115.03
1794;875;595236.98,223183.99,598015.68,224539.27
1361;487;616871.12,253262.92,617428.2,253462.26
1375;838;610355.93,245647.05,614839.57,248379.62
1667;424;605541.1,229829.74,605841.88,229906.24
1122;401;623253.76,238940.32,625670.76,239804.15
749;771;603373.73,221265.33,603422.92,221315.97
1843;840;596766.03,226821.44,598249.77,227497.69
1296;639;621620.39,241992.79,637479.8,249812.35
1175;789;604735.75,224780.31,626773.58,239578.47
1288;840;608352.95,244299.79,608443.32,244358.74
1799;722;602944.14,224677.2,612968.15,228700.18
927;308;618154.02,256750.83,618172.58,256757
1627;1041;599448.29,245685.8,605268.22,249409.55
1350;516;601267.5,234520.84,601802.91,234725.49
1364;444;607821.64,234342.88,607838.54,234348.38
1560;510;625612.07,242085.82,634343.01,244940.16
1164;697;614258.58,226756.68,618873.89,229520.31
1802;616;601684.13,257303.07,613541.52,261356.42
695;878;641582.61,241259.95,644706.07,245205.85
1898;378;610435.79,241396.77,610467.27,241403.04
686;806;608292.43,243508.28,610759.67,246407.11
557;848;617320.99,241782.09,619281.86,244767.38
1047;309;605137.56,256871.92,612742.51,259116.36
1846;530;600751.25,227001.05,602374.54,227467.11
580;357;611623.9,252578.01,621955.34,258937.19
1088;347;615540.12,229167.79,618442.11,230093.33
1455;310;629139.27,244989.52,629161.13,244994.17
1914;821;595677.44,213531.49,605552.3,217767.26
1824;857;616616.91,240832.53,640207.06,251916.27
805;388;599921.06,228884.31,613511.85,235434.9
578;636;634758.7,249963.82,634806.63,250016.56
1470;491;618987.32,258853.97,637624.89,265079.17
503;435;602552.14,253461.33,606826.85,257158.15
956;675;619779.71,256981.73,619896.21,257063.99
848;614;599364.28,257058.96,602590.11,259394.64
1351;343;601059.28,256011.88,624956.99,262079.18
1617;438;615136.3,255385.75,615450.82,255470.95
860;1080;597252.74,226114.35,597415.67,226318.96
1552;904;619427.88,238293.83,639172.43,249794.52
532;504;614737.05,246880.88,615238.71,247356.14
1674;774;597484.29,213455.65,610187.23,219329.05
1668;537;609026.17,248816.24,609126.74,248848.62
1103;763;596953.42,257097.6,600314.24,259422.45
1052;887;625797.65,237959.12,628872.51,240551.7
1290;491;606853.15,259868.21,606968.63,259912.17
1256;514;598901.76,244050.76,616443.75,251229.57
1331;793;599648.79,214670.28,599827.43,214776.72
1471;1050;603655.27,239877.42,622231.24,253136.96
1717;596;602682.19,246195.31,603760.82,246569.72
1272;911;607454.59,233283.78,624429.09,245440.83
949;718;611594.99,236629.69,611883.49,236847.96
1311;449;615691.75,220698.95,626079.94,224256.76
1149;970;597066.65,223931.59,597079.54,223942.47
1460;522;594947.2,227580.08,622546.39,237447.73
1618;459;590147.17,226556.95,610718.41,232392.67
1803;627;626423.73,239242.57,634265.32,241969.52
1234;802;615460.08,246179.66,615576.24,246255.15
1515;871;616724,258955.01,616853.26,259029.32
1225;649;601978.65,233093.36,602025.41,233118.13
1391;386;612966.45,253521.24,617047.91,254653.84
1368;884;616288.42,253918.04,616971.84,254359.67
1459;1058;604653.96,252978.41,612874.76,258939.76
1686;1032;599787.07,251892.78,600099.73,252084.16
1505;649;616111.17,226826.8,616441.3,226969.17
1246;499;601008.87,247277.96,602033.74,247688.4
1512;914;640143.91,248224.67,649510.98,253887.04
1316;362;626049.06,235681.88,635314.07,238230.47
1001;843;606595.5,238107.33,606629.19,238135.7
1625;370;613737.97,224238.33,626547.74,227155.01
1416;494;598223.82,246376.99,617517.25,253107.89
1870;953;641921.78,247374.87,641982.53,247405.82
1853;940;606422.08,236918.96,614446.23,240989.5
1707;527;603915.34,223537.22,604834.35,223820.94
1831;918;597976.24,252658.17,630876.4,269153.17
1319;629;599659.45,236853.24,614308.86,243839.2
1084;524;598283.86,247129.46,600161.34,248037.02
562;653;636272.69,244585.39,636292.06,244607.91
1200;776;626906.68,243917.83,642234.88,253830.07
1582;607;596410.52,249978.52,618182.29,258332.16
1305;424;615338.42,224503.16,618101.25,225400.82
1810;868;597836.24,226001.9,598238.85,226194.97
1094;607;623286.24,237920.65,624257.03,238459.29
1413;769;599362.44,253100.15,606276.09,256862.78
1342;534;620370.18,244953.36,620393.83,244962.77
978;833;605818.16,232187.05,606829.41,233048.38
1619;648;631545.65,238564.68,631670.04,238614.47
941;1060;597822.82,259492.42,601202.36,263299.35
1706;933;616601.01,252736.33,616724.76,252804.01
1597;511;601590.73,234729.11,603983.34,235494.68
1875;867;602440.69,229187.51,619688.4,237162.85
1171;877;613715.27,229582.41,615199.43,230693.95
764;979;643550.01,247195.18,643630.52,247298.35
1484;1009;605251.25,260023.37,605291.85,260050.97
701;417;599415.67,249171.45,600264.54,249676.41
1733;402;613579.96,258510.87,613994.46,258607.02
740;458;595998.56,252299.3,596026.8,252316.79
1238;775;619258.18,245877.19,625775.77,249957.27
931;881;599220.06,226413.05,599679.64,226847.94
839;944;610332.61,238131.28,610741.5,238591.35
1719;656;612070.74,254751.35,614067.4,255513.31
1449;364;609014.04,240093.75,616135.21,241882.64
577;856;608342.4,228111.82,608719.03,228670.57
1756;934;614117.19,245432.72,614198.38,245475.91
1679;361;637272.16,245856.83,638799,246185.12
1481;681;639264.48,244145,640371.84,244654.19
600;704;620244.12,237089.11,622544.6,239788.33
1645;454;607932.57,249010.73,607966.78,249020.17
661;306;640113.55,242423.46,640616.45,242656.27
553;305;601860.06,240249.34,610801.18,245180.7
1258;557;614334.7,246584.26,627385.55,252362.73
1485;949;604265.97,228225,614781.25,234944.87
907;969;600571.6,220898.91,600758.46,221098.54
562;328;603535.19,220240.21,605872.94,221604.59
1050;590;630956.08,247775.79,633750.33,249345.9
1670;888;613372.59,248332.76,613618.96,248463.76
1763;840;632994.17,250442.98,638634.68,253130.46
1219;656;639881.24,253610.07,642284.66,254903.47
1445;947;629388.55,240533.71,638263.66,246350.14
1457;671;612681.09,251508.09,612829.56,251576.46
1302;1044;608647.45,226817.74,608665.02,226831.84
578;899;612068.75,224744.22,612930.77,226084.96
809;613;607063.34,226978.82,609935.61,229155.21
1614;685;639459.35,253613.12,639570.58,253660.33
1582;487;606517.98,245832.77,629730.63,252978.51
881;943;594319.39,229809.28,594542.62,230048.21
550;916;629102.62,236597.97,629120.51,236627.75
1402;462;616639.88,241158.29,616660.06,241164.94
1530;794;614717.89,248478.95,617233.75,249784.57
1000;999;602275.41,247079.18,607342.97,252141.67
787;980;597326.08,243383.72,611958.95,261605.09
1838;483;603088.35,236194.5,605986.26,236956.03
1800;517;625625.04,243087.09,625926.65,243173.72
1708;878;595994.63,226769.26,596943.47,227257.01
1582;872;593598.5,255051.4,606845.29,262353.05
1260;362;626338.19,233307.14,629757.44,234289.5
1408;619;599512.88,231302.82,599803.34,231430.51
858;768;600723.46,246918.73,609424.36,254706.95
1732;1051;609461.09,233248.24,614138.04,236086.28
1603;696;616152.8,256607.65,616313.68,256677.5
1730;365;593673.44,225308.82,598231.48,226270.49
809;928;594049.87,232014.61,605150.57,244748.17
920;1077;600853.22,219944.18,601031.78,220153.22
1888;1039;614767.91,219043.66,627181.83,225875.26
1415;1052;610097.46,228331.04,611865.94,229645.84
835;473;599952.61,228155.95,600277.96,228340.25
1683;804;614255.39,243716.22,616992.49,245023.79
578;1046;590426.58,223454.45,595613.48,232841.13
1515;303;608867.72,240115.73,608891.33,240120.45
1582;1056;592911.07,218411.89,599686.44,222934.51
1859;508;614877.54,228743.72,615329.39,228867.2
1711;900;601355.43,228709.23,602560.34,229343.02
554;639;609640.47,227270.75,609731.76,227376.04
519;884;613564.46,222834.73,619154.55,232356.21
815;753;619576.55,231351.29,625281.11,236621.88
1440;445;616132.5,226106.9,616691.96,226279.79
1091;408;609036.99,216929.43,629968.47,224757.15
804;1043;598551.08,211045.94,604969.02,219371.71
1428;688;612725.48,248792.72,615087.38,249930.66
580;527;617223.31,245565.85,626330.22,253840.58
1826;966;605679.71,228048.56,607963.54,229256.77
851;818;601645.18,218017.92,601913.85,218276.17
547;709;591848.05,224522.88,594619.09,228114.59
1461;485;600364.2,211787.66,614390.83,216444
1576;479;603721.23,236104.52,622895.89,241932.35
1677;382;603811.78,230536.01,603846.1,230543.83
1864;638;620657.47,246239.65,621966.43,246687.68
696;687;644109.83,247352.66,644124.97,247367.61
1841;1037;606207.03,245695.11,613877.84,250015.92
1619;870;640055.39,256377.81,641350.35,257073.67
1462;354;611474.28,244369.8,612164.06,244536.82
614;390;606232.93,226771.05,606330.25,226832.86
1898;588;612709.06,260391.06,631273.17,266142.22
965;464;609669.12,243634.23,615695.7,246531.99
1012;995;641706.91,246599.81,642025.56,246913.11
615;1005;608231.83,246959.17,608482.62,247368.99
1764;734;592827.78,213807.4,605027.43,218883.68
1505;335;614147.93,241102.36,614174.14,241108.19
1426;405;615284.58,241189.64,615318.9,241199.38
1770;669;600431.47,248334.71,600449.7,248341.61
1916;731;633625.46,239531.38,638612.21,241433.94
1044;511;603106.67,221695.16,603118.25,221700.83
1489;495;601103.9,258502.82,611533.3,261969.95
1581;442;595277.48,252100.68,596673.1,252490.85
975;1002;614761.61,247031.69,614883.62,247157.08
1071;468;617122.38,256667.05,630547.52,262533.5
1794;890;604204.41,233625.78,604391.55,233718.62
1165;997;602858.98,252679.27,615021.92,263088.23
1312;1045;593402.26,244248.37,608918.33,256606.82
1676;858;638020.91,242931.3,638443.19,243147.47
1556;713;603490.39,221667.06,624030.02,231078.86
919;967;639005.12,240689.01,645017.14,247015.03
1315;777;593773.66,211766.32,600368.64,215663.13
1241;879;621417.14,241522.33,621698.1,241721.33
1492;864;610154.51,250665.09,611083.7,251203.17
1732;610;607591.97,250449.15,609068.76,250969.26
1086;551;618122.76,255362.28,618458.64,255532.69
1174;396;597270.94,219953.11,607797.04,223503.65
1835;405;601334.57,247570.65,601357.67,247575.75
1217;577;610895.18,236470.33,610911.1,236477.88
1176;669;613710.9,259396.85,613769.43,259430.15
587;441;614313.84,247851.81,614350.68,247879.48
565;498;631863.37,245581.28,634989.27,248336.5
1167;707;609130.78,236607.88,611282.67,237911.55
501;419;620281.05,240524.24,620323.5,240559.74
1082;889;640132.22,242129.98,640307.32,242273.85
1609;623;593291.04,228505.34,607664.46,234070.68
507;1029;614036.96,255134.82,616330.13,259788.99
1132;713;619597.99,221957.7,630006.75,228513.75
1530;424;635263.31,247049.41,635281.55,247054.47
1867;856;623244.32,243458.01,623701.56,243667.65
1032;958;599578.57,223638.74,605249.71,228903.23
1510;471;629757.75,246132.19,629883.91,246171.54
703;609;623007.76,234142.78,623017.34,234151.07
1831;647;604491.01,235833.36,628867.36,244446.96
1611;691;600902.6,222970.79,606290.72,225281.9
1318;623;612175.29,247444.82,614233.9,248417.89
1653;649;611539.76,239530.37,611637.02,239568.55
1488;571;634326,244679.07,634701.68,244823.24
770;443;624079.8,236516.87,624486.08,236750.61
1839;905;597679.18,218690.13,598048.87,218872.06
897;468;597533.6,223826.64,597985.02,224062.17
578;707;600360.28,227924.34,610732.49,240611.46
801;984;602722.88,234592.86,604835.5,237188.14
1049;509;615237.31,229908.79,618265.46,231378.12
963;510;616889.7,235405.37,620847.17,237501.23
846;413;622254.86,244990.82,622442.61,245082.48
1002;879;597121.69,216611.06,607740.12,225926.03
660;342;629167.58,235838.06,635459.14,239098.24
785;644;609801.84,246196.18,610090.21,246432.75
1488;440;636499.13,240428.01,643101.91,242380.45
1480;406;615687.52,257815.5,630743.95,261945.84
1385;1002;594743.78,251073.69,596322.82,252216.08
801;957;625249.6,226312.32,632330.51,234772.28
1856;891;605090.95,223595.58,606127.26,224093.08
1225;1025;634088.97,236884.02,646623.49,247372.09
1378;786;611008.77,253469.64,612560.65,254354.81
1074;1071;613185.64,237023.36,631110.09,254897.74
1155;556;595413.67,249043.08,612531.16,257283.19
518;617;606684.63,250714.22,608355.32,252704.21
1575;475;618807.23,244218.66,648240.24,253095.28
727;592;615903.99,252126.83,619303.36,254894.96
736;535;599990.54,225017.06,604393.88,228217.86
1831;881;621262.97,234570.69,624020.15,235897.32
905;333;617249.2,237494.87,617393,237547.79
825;373;611145.31,222628.7,611248.08,222675.16
1600;695;630166.17,245239.17,632594.99,246294.19
870;347;594723.83,222731.57,603159.37,226096.09
542;431;602574.06,254826.24,609970.5,260707.91
1773;928;603289.77,221241.11,603333.7,221264.11
1154;882;610231.68,244973.18,610279.92,245010.05
1227;539;617513.66,245848.43,618472.39,246269.59
1684;1074;615236.25,243160.26,632714.56,254307.35
1331;369;612218.45,244837.45,612759.52,244987.46
983;628;616340.8,224041.95,616360.4,224054.47
1012;337;617768.17,255023.09,618252.33,255184.31
1453;552;620179.76,239886.88,621628.53,240437.28
572;364;595578.92,217954.28,595593.9,217963.81
1492;768;615468.86,219261.13,642600.52,233227.02
1398;787;616783.17,241002.39,630509.41,248729.54
1290;784;602922.74,220128.34,602982.17,220164.46
647;654;612778.41,242171.6,612855.77,242249.8
531;925;618633.79,253097.57,618986.05,253711.19
832;966;625751.83,237578.02,625807.16,237642.26
1772;434;594070.89,239241.12,617320.53,244935.45
1399;776;595542.89,235835.8,604366.16,240729.9
1705;846;598098.93,234866.96,622831.89,247139.15
1403;816;604706.76,229136.51,605158.29,229399.13
736;501;601237.58,212145.22,613051.74,220187.19
1509;717;644232.63,246436,646454.97,247491.94
1889;786;608977.72,239466.88,610505.76,240102.68
1271;532;628266.7,246342.15,637746.28,250310
1800;574;606008.23,226036.77,607239.39,226429.37
990;411;601471.03,213563.58,607606.39,216110.68
871;536;633022.57,242015.6,633031.88,242021.32
1456;397;601844.54,233007.07,601859.31,233011.1
958;797;625612.49,234493.84,627269.04,235871.99
1698;584;640621.59,250392.52,642460.09,251024.84
1793;809;638346.69,251474.62,638487.15,251537.99
1028;723;606332.55,235269.07,606346.53,235278.91
1019;824;612542.04,242026.1,612947.69,242354.12
1404;727;614074.81,227049.75,622255.2,231285.61
1567;819;625154.94,236552.82,628663.62,238386.65
768;704;640224.6,249892,640475.17,250121.7
1217;988;613884.22,238867.46,613900.39,238880.59
741;1042;614483.64,221777.5,619892.22,229383.09
1270;1074;613761.35,225257.3,614099.53,225543.29
517;329;611448.55,232331.38,611536.69,232387.47
649;811;620853.16,236008.79,633094.25,251305.43
1437;1006;640771.77,249336,643516.14,251257.24
1642;623;594851.15,223862.82,596872.88,224629.9
1291;840;603594.93,220659.66,603648.71,220694.65
996;715;594062.98,221951.1,601981.03,227635.25
1006;928;610432.05,223439.24,616429.48,228971.66
532;317;597403.29,222530.78,603880.08,226390.06
1020;687;617327.31,253692.61,618002.57,254147.42
801;844;638860.77,248638.03,638901.1,248680.52
656;847;633175.83,241199.66,633197.92,241228.17
1219;899;612673.32,247914.66,614516.23,249273.79
625;1006;599078.32,232147.43,601677.03,236330.31
609;598;643285.92,247896.26,644723.03,249307.42
970;836;629340.48,243185.14,632472.53,245884.51
1528;1003;602649.86,236740.65,603440.31,237259.52
630;411;632223.1,242525.01,632248.55,242541.62
1243;872;592311.45,211612.04,607345.08,222158.56
997;628;628193.18,246613.69,632337.85,249224.37
848;676;620429.09,244209.65,620665.08,244397.77
1706;607;590729.04,217144.02,595245.9,218751.14
678;1021;634540.78,245109.76,637582.72,249690.61
1158;735;599388.36,218650.17,600815.72,219556.14
876;797;607469.84,238192.16,607547.85,238263.14
1497;394;606288.98,257600.55,630803.58,264052.62
991;843;606825.41,240767.31,609571.16,243103
1808;467;601938.22,221795.84,603720.04,222256.07
1607;986;633004.74,246665.62,633027.99,246679.89
1821;416;616760.06,243071.91,616841.08,243090.42
648;995;606855.15,233801.58,606964.87,233970.06
765;793;596157.66,224602.96,601763.93,230414.43
1392;620;637332.5,250638.29,640365.67,251989.27
1322;959;613584.51,222154.9,615210.18,223334.19
1352;865;616700.29,251870.85,617009.66,252068.79
1499;470;605037.38,228592.78,606396.28,229018.85
1136;706;640706.22,242094.37,641083.94,242329.11
809;559;612985.74,248448.21,613005.56,248461.9
623;544;612110.46,251172.44,621252.02,259154.79
797;662;633878.15,256212.6,644181.99,264771.12
1773;804;601966.18,257445.32,602673.85,257766.23
1332;661;636940.8,247662.12,636978.73,247680.94
1398;362;598599.32,216390.55,598985.86,216490.65
676;321;604928.12,226867.05,609722.18,229143.51
1600;468;640221.52,244858.8,643940.95,245946.73
527;1055;609124.13,248662.36,613346.84,257115.79
1579;747;614713.11,257132.02,614830.68,257187.64
1612;940;626806.71,235060.3,627549.42,235493.39
1751;676;613582.61,242102.81,613615.69,242115.59
966;676;612278.86,249775.1,614232.67,251142.36
561;469;607339.17,251086.26,607419.96,251153.8
779;354;618364.46,256071.1,618413.02,256093.16
688;993;620233.35,244654.53,623778.77,249771.69
1479;505;611949.85,243146.09,612071.57,243187.65
986;526;601180.02,244506.51,605558.89,246842.5
902;825;629395.73,243203.71,629439.05,243243.33
905;685;603365.69,224422.56,618421.76,235818.59
703;633;629975.61,238520.62,629993.44,238536.68
1424;593;614826.39,253066.46,614860.72,253080.76
1210;765;601247.43,255422.29,601271.27,255437.36
705;594;610907.51,251703.08,610962.3,251749.25
1531;541;639939.61,251414.8,639975.53,251427.5
1356;341;601390.91,220810.85,601582.39,220859
766;633;640264.37,250423.47,640333.66,250480.74
1545;942;608092.96,231611.26,626729.95,242974.4
1082;530;619073.38,221696.41,623694.86,223960.16
1511;666;644041.92,248995.11,645006.67,249420.34
501;918;639908.09,249396.76,640489.48,250462.06
1659;715;609769.63,235210.86,610040.5,235327.61
836;812;597328.41,221883.41,600356.18,224824.25
1867;403;607543,241512.78,622678.76,244779.9
1420;1078;615180.37,227056.7,615819.18,227541.65
1159;522;598198.58,218834.52,598331.1,218894.21
1014;941;630826.11,244914.26,631975.5,245980.9
1154;595;610887.6,231964.08,611410.15,232233.5
1579;411;628379.93,251762.28,647867.33,256834.68
1095;601;606809.61,247658.16,607042.32,247785.89
612;1017;630341.21,239672.08,630358.11,239700.16
750;393;617012.55,239924.2,617193.83,240019.19
808;870;608522.94,224686.42,608596.95,224766.11
846;783;604191.73,228756.15,604290.12,228847.21
639;855;603194.06,222283.07,603237.92,222341.76
784;664;603160.56,231390.64,606169.79,233939.27
847;809;612648.26,243588.63,612969.04,243895.02
1131;653;628359.77,238283.16,629653.34,239030.02
1307;388;614741.78,236865.75,614776.61,236876.09
1833;987;643641.37,249562.74,643925.15,249715.55
575;816;615774.38,253210.18,615968.38,253485.48
975;648;601791.43,260029.56,609670.88,265266.37
1669;369;613408.23,222402.93,613999.96,222533.75
1701;747;601602.57,249020.74,602228.29,249295.52
1217;448;608956.35,240954.31,610735.68,241609.31
612;505;599903.67,217638.71,600982.79,218529.16
1360;919;622879.26,229914.01,634175.08,237547
1593;457;618537.84,240410.87,629806.74,243643.69
815;469;610686.63,243235.16,610965.06,243395.38
1881;688;594458.18,225072.21,602222.42,227912.08
526;919;597416.45,226767.56,597669.99,227210.53
1525;989;617343.26,226203.5,630208.93,234547.21
772;996;631288.62,256646.01,641575.68,269917.91
1137;682;618607.87,244319.08,639402.13,256791.98
1705;330;619730.29,231610.05,642737.85,236063.13
1147;734;599315.75,215534.41,599752.43,215813.85
1463;946;634909.99,247392.52,635060.8,247490.04
521;446;613322.98,231186.04,613548.12,231378.77
1266;448;601442.05,217619.99,602636.63,218042.71
889;686;595549.78,252913.38,595862.7,253154.85
1701;1001;600869.23,234414.22,613741.96,241989.53
1617;345;604476.51,260481.26,605050.77,260603.78
670;672;627199.77,243327.81,629225.62,245359.71
846;1004;598504.98,250674.63,600079.81,252543.57
1740;791;606663.14,235922.26,606761.28,235966.87
1819;454;607687.24,233480.06,609615.06,233961.22
1524;948;610230.72,243320.42,610299.99,243363.51
645;637;608373.62,247822.51,608380.69,247829.5
539;399;596670.88,226528.33,596677.58,226533.28
925;355;613845.89,223526.44,613855.35,223530.07
531;869;633394.5,237335.14,641932.65,251308.11
1753;422;597179.78,218125.05,597234.84,218138.3
832;819;622429.44,236256.43,622488.27,236314.34
1869;642;597285.3,251580.7,597417.74,251626.2
966;634;607616.35,237079.64,607688.38,237126.91
1348;1067;600389.84,219721.65,610343.93,227600.74
808;588;607843.98,228256.77,607890.58,228290.68
831;962;605613.16,254861.69,616610.6,267592.78
1463;422;608931.71,232705.74,610148.91,233056.84
1232;634;590017.11,253503.89,600706.41,259004.71
792;437;607332.94,227556.3,611169.93,229673.43
1195;362;597551.4,217660.35,597587.41,217671.26
1283;326;644379.36,248764.07,645030.86,248929.61
1823;499;598382.5,215003.76,602659.51,216174.49
818;343;611399.04,247741.56,611462.54,247768.19
1684;895;599793.7,220536.06,600704.75,221020.26
921;686;619467,256144.74,625037.44,260293.84
1676;645;602143.57,247420.03,603301.9,247865.81
964;889;603171.3,232110.68,611399.55,239698.77
1173;620;611713.78,229353.54,627639.04,237770.99
1420;694;607191.52,251978.33,615043.78,255815.98
1072;748;594950.89,217626.23,595284.32,217858.88
1575;580;610122.75,233631.56,613970.72,235048.6
1467;526;604962.81,259862.07,605051.59,259893.9
744;328;637321.14,248234.96,637343.23,248244.7
1087;340;621728.44,240336.69,623808.01,240987.15
1648;752;590859.21,212376.17,612245.07,222134.77
1794;865;641874.74,247112.65,641948.46,247148.19
532;521;602303.93,215128.36,606130.9,218876.19
1619;509;617741.92,225679.7,635579.6,231287.72
896;904;605031,219215.58,612750.26,227003.77
1845;675;594987.48,220460.57,603271.3,223491.23
822;856;608559.44,252640.97,616415.63,260822.12
732;837;607720.12,244763.25,607730.59,244775.22
1478;890;600743.24,219449.51,611955.83,226201.34
1379;979;620635.38,246199.22,620782.66,246303.79
898;327;613187.87,248886.87,614539.19,249378.94
508;798;600709.38,246287.67,601208.09,247071.07
1816;952;606398.06,255552.89,609034.92,256935.2
644;442;605052.7,236637.23,606272.29,237474.28
928;699;627565.75,242820.93,627587.49,242837.31
770;1072;628508.43,233736.65,634307.86,241810.67
1564;611;618454.77,255413.47,618541.63,255447.4
1830;1080;624384.32,235411.7,642927.01,246354.93
1692;729;595275.91,253710.07,597729.33,254767.13
1811;475;625707.51,238832.25,628959.78,239685.27
708;1023;596737.3,240885.03,608191.66,257435.61
955;720;637119.49,248196.85,637227.63,248278.38
1178;604;605410.45,229226.14,607277.93,230183.67
571;349;640640.72,250638.25,640746.45,250702.87
1788;1011;592337.18,218874.14,621674.76,235462.67
1030;618;640208.51,246706.98,640435.43,246843.14
802;496;612853.39,224588.2,612905.79,224620.61
1083;848;605056.2,222435.64,619848.44,234018.11
1187;603;634121.66,247159.2,634739.17,247472.9
1897;358;602771.88,240435.91,608906.23,241593.58
1623;309;604492.48,230781.06,604537.51,230789.64
725;795;629468.11,235189.36,629514.32,235240.04
639;877;607387.9,222163.33,611145.53,227320.53
1045;409;608905.7,253022.27,620290.98,257478.32
564;426;627520.02,237465.06,627548.89,237486.87
938;453;602307.11,214604.21,602404.53,214651.26
1630;488;615193.5,226861.45,616743.16,227325.4
1454;943;635190.86,251885.69,639968.96,254984.55
560;809;620211.82,240352.34,620260.67,240422.91
1556;689;600738.64,220521.83,600786.82,220543.17
961;388;606613.88,257370.5,606656.05,257387.53
1320;426;608539.43,239917.31,608576.28,239929.2
1920;1072;615427.51,219313.17,626734.73,225626.37
766;938;633994.77,248240.5,634017.69,248268.57
953;433;612294.71,245860.08,627345.25,252698.36
1225;917;604783.57,229108.62,618174.52,239132.7
796;607;622785.42,238588.24,622912.16,238684.89
1738;523;607524.68,238384.77,607836.58,238478.63
1396;420;597677.1,254201.86,598464.09,254438.64
1663;776;604020.2,240900.31,610032.49,243705.8
1801;484;599755.76,221215.17,605674.34,222805.73
1547;779;596970.81,230530.96,625096.64,244693.86
990;802;615878.36,253320.55,632880.33,267093.87
1395;741;617702.68,254490.74,620184.12,255808.84
844;896;616635.13,223436.92,630330.72,237976.31
1805;920;613206.33,222696.97,613247.92,222718.16
902;667;598059.56,215106.31,612483.47,225772.32
533;307;618113.49,236298.63,621879.45,238467.77
1190;388;603697.33,247967.11,604319.67,248170.03
1303;643;602071.58,232872.71,607144.82,235376.23
1309;812;611189.7,249876.46,611432.5,250027.08
1000;647;624601.09,238309.46,624639.63,238334.39
645;942;595884.98,239644.48,607998.91,257336.45
1149;1049;625278.31,239666.45,625329.21,239712.92
668;441;605203.63,232079.76,615760.47,239049.17
1585;569;601576.81,214654.21,601862.05,214756.6
1694;892;597245.67,252217.51,597386.6,252291.72
721;873;602377.18,250733.41,610312.56,260341.7
1461;336;618203.47,222460.76,619349.35,222724.29
1138;629;627205.53,237894.1,627516.8,238066.15
917;857;595633.02,248416.86,609563.85,261436.19
734;542;635804.92,240882.87,639473.58,243591.87
1735;562;613596.98,250184.52,640072.29,258760.39
704;436;625449.52,238626.84,630843.32,241967.32
1776;869;603715.02,227704.23,605844.27,228746.08
1405;948;599566.19,242834.71,616834.54,254486.24
1330;632;600770.92,228906.91,616550.96,236405.4
1781;1006;600482.42,231163.87,602256.07,232165.72
1685;605;614857.72,248203.2,615664.59,248492.91
1212;1079;598339.22,224734.23,601424.82,227481.23
1692;888;602820.15,221426.22,603500.48,221783.27
845;932;625889.59,241352.25,625954.88,241424.27
1861;574;594270.43,223509.11,599235.19,225040.42
1563;526;604472.28,229211.37,609916.72,231043.59
861;315;613634.5,253647.97,613729.64,253682.78
1440;614;628538.83,250617.96,634651.09,253224.16
1405;1029;624584.85,240452.95,624601.89,240465.43
1051;772;624769.82,241003.77,624934.12,241124.46
1860;563;605115.18,232414.4,606312.68,232776.87
1859;821;609900.55,224641.12,611117.1,225178.39
1134;676;606939.25,260487.4,607087.46,260575.74
1475;916;610225.87,244280.23,611391.77,245004.27
1647;362;623581.22,242229.59,623631.14,242240.57
1406;907;629475.18,245684.53,634758.82,249092.96
1671;382;605162.63,247631.7,605270.69,247656.4
1602;577;600736.43,233451.75,605652.07,235222.24
1722;490;600096.94,258765.77,600134.62,258776.49
680;904;606405.05,222149.42,606414.6,222162.12
1050;389;612548.71,244280.52,613459.72,244618.02
1799;1053;603425.02,220154.12,603644.25,220282.44
599;973;599039.75,233559.36,599617.25,234497.42
1030;565;640912.43,242723.43,642908.64,243818.43
557;574;623550.26,238715.67,623949.77,239127.38
1615;838;591767.02,227639.45,598229.13,230992.55
819;973;606014.19,239087.68,619014.81,254532.87
1084;792;616187.88,216625.41,630796.22,227298.66
1566;929;605105.98,251622.06,628506.82,265504.17
1105;831;612052.6,226246.39,612343.63,226465.26
1815;927;601676.87,248718.6,604268.78,250042.4
1841;785;611233.48,255219.94,616302.83,257381.51
1202;880;607668.12,235392.84,614011.68,240037.04
1271;350;636608.75,243245.61,639062.81,243921.39
775;995;628525.67,227016.83,638139.64,239359.93
751;596;608286.6,252088.15,609920.71,253384.99
812;369;620382.52,245454.32,621450.33,245939.57
863;530;603036.45,220720.52,603063.12,220736.91
1383;608;615826.76,256463.66,615848.69,256473.3
623;786;595834.61,253212.12,595877.45,253266.17
566;1062;637824.5,242679.74,637871.68,242768.26
1027;734;595673.36,222389.92,605251.9,229235.73
876;855;612169.91,256876.77,613566.15,258239.54
842;588;607450.03,232774.12,608097.92,233226.57
1166;600;608804.07,220052.64,614054.89,222754.6
1692;496;627818.39,242622.87,648052.93,248554.51
1500;470;630455.53,242206.84,630517.44,242226.24
1853;322;600621.55,215222.95,601545.16,215383.44
1740;723;609523.39,248586.65,609938.06,248758.95
1617;927;594999.69,227059.23,596878.21,228136.15
1639;434;596165.82,247618.87,600146.87,248673.04
523;999;629012.9,240972.25,629171.77,241275.72
1051;572;608259.13,248787.23,608922.13,249148.07
1440;856;603254.29,232852.11,604233.07,233433.94
1868;658;629565.82,236104.56,632968.68,237303.21
1213;475;621948.08,241396.11,622128.75,241466.86
527;859;609467.11,245524.58,609543.78,245649.55
621;753;623263.7,234459.59,623308.15,234513.5
738;849;640204.12,245189.55,640578.18,245619.87
1063;764;625290.36,240334.99,626904.14,241494.84
981;510;627127.46,240043.79,627345.09,240156.94
1834;527;609646.44,214163.9,645861.97,224570.43
872;971;631759.16,246460.13,633975.1,248927.65
1784;418;606103.11,246055.19,606346.56,246112.23
1568;792;633744.78,249228.69,633815.52,249264.42
1717;763;590366.38,257463.32,599261.68,261416.21
1150;633;614631.55,228948.34,614682.52,228976.39
898;973;642886.77,247969.08,642938.59,248025.23
910;1044;598868.41,214164,608173.39,224839.18
523;721;628235,236384.75,628242.67,236395.33
1360;487;618803.65,251806.38,638520.23,258866.66
1370;873;617396.12,225116.18,617860.73,225412.24
962;1002;592575.12,230889.81,607124.4,246044.04
1334;498;610156.27,227139.93,610213.93,227161.46
541;538;607306.42,227130.22,607515.49,227338.12
1223;966;601495.8,235641.59,620078.99,250319.73
1597;332;602967.24,222899.4,605592.15,223445.09
995;520;612361.22,249705.28,612833.78,249952.25
1210;621;595354.25,251904.19,601264.51,254937.47
1742;408;600017.35,217415.08,607436.86,219152.83
1758;603;605060.06,222267.99,606289.63,222689.74
1066;369;596640.39,247152.31,617235,254281.22
722;328;597068.86,225766.38,600003.46,227099.55
1319;809;640272.13,248361.06,645825.92,251767.44
657;749;630793.64,241034.66,636525.35,247568.98
1817;608;598948.18,219641.67,605393.91,221798.53
1319;907;599796.81,233896.57,599814.81,233908.95
842;386;627802.36,247157.42,637615.21,251655.95
758;502;599008.59,228480.61,605543.94,232808.77
1316;498;604300.1,221873.93,625811.6,230014.3
1087;719;603949.03,234989.52,604278.26,235207.29
1919;1043;603211.73,219016.35,603308.08,219068.72
1777;1039;632265.19,238562.38,634339.68,239775.32
1235;551;602771.43,216704.01,605849.82,218077.44
1279;342;603602.81,230063,603954.96,230157.17
778;354;615656.48,218220.13,630479.03,224964.58
1450;692;628965.74,241246.7,630403.59,241932.9
1862;708;597891.97,237949.03,618311.85,245713.4
659;532;611010.81,238409.06,611025.46,238420.89
1331;1012;609355.13,247751.53,609398.4,247784.43
1590;556;609829.14,241777.18,614171.38,243295.6
735;730;613944.71,259125.53,613981.69,259162.26
1653;318;618285.51,250479.23,635144.7,253722.55
1012;598;621447.96,241940.76,621938.18,242230.43
1368;1037;629301.76,239628.73,630388.07,240452.2
1429;477;598746.12,233606.84,598958.3,233677.67
1511;394;617117.19,258341.43,617492.11,258439.19
1739;741;612763.36,251023.72,613874.86,251497.33
1454;450;613000.6,239595.61,613856.47,239860.5
1338;1076;613705.3,211901.57,638155.01,231563.66
1751;385;619911.34,237684.05,644525.59,243096.1
1022;436;619259.75,222520.37,628909.35,226637.03
995;349;606306.56,215190.01,623723.17,221298.95
878;805;617355.83,233049.34,634024.3,248331.93
1379;696;602795.9,220166.06,603095.5,220317.27
1506;748;596164.56,256766.52,608887.98,263085.98
1919;564;617263.64,226201.72,617299.49,226212.25
602;679;621384.66,239302.04,621786.2,239754.94
1704;544;612783.32,238000.56,614414.81,238521.4
1369;477;610215.79,226581.27,610499.21,226680.03
637;915;599393.15,212576.01,601875.69,216141.98
840;985;612033.17,221852.25,613758.32,223875.2
1883;1080;598185.37,251910.19,598572.54,252132.25
708;540;636843.61,243583.41,636999.26,243702.13
701;362;631097.72,238145.21,631172.22,238183.68
1717;544;594253.56,231012.92,627167.08,241440.97
1886;812;602581.13,214973.4,604352.27,215735.95
526;881;619434.15,239695.76,619836.45,240369.57
920;919;643842.36,248863.17,643857.95,248878.74
1528;303;604797.18,246981.78,604857.98,246993.84
541;782;605412.35,236274.13,605433.05,236304.05
1599;945;594623.87,248331.75,609020.09,256839.84
1060;1068;612237.21,238013.85,612272.44,238049.34
1887;679;590488.37,256402.8,600116.7,259867.37
1699;604;623058.73,241478.57,623163.89,241515.95
1574;653;626367.35,229905.17,643555.28,237035.87
800;787;618341.08,258099.43,624348.41,264009.15
1845;401;621427.76,236907.03,622108.9,237055.07
1642;661;598117.87,228183.68,598647.85,228397.03
1307;913;618339.77,244054.15,618423.47,244112.62
1253;328;596932.25,211171.1,609268.88,214400.49
1541;942;625936.03,234443.08,626896.94,235030.47
1917;930;620054.46,238121.35,633641.25,244712.75
1579;676;603996.28,219976.43,604066.1,220006.32
1464;427;606204.12,224000.61,608759.36,224745.89
995;674;590119.56,225577.32,597041.41,230266.09
1370;792;596109.74,227535.23,602013.99,230948.49
789;927;639038.08,242847.36,640739.33,244846.17
1797;444;611144.3,236133,615116.48,237114.44
683;361;617639.61,241313.46,618615.12,241829.06
1469;345;617190.99,237925.18,618620.59,238260.93
1283;675;614103.13,245222.64,614162.8,245254.04
894;929;609285.42,234639.58,609590.03,234956.11
663;740;592394.46,216137.46,604673.99,229843.12
1237;999;613543.01,258988,617062.32,261830.19
569;1015;616546.83,236547.07,621455.61,245303.5
1477;351;620687.19,241649.01,620723.86,241657.72
1187;646;598268.56,213943.62,601126.72,215499.12
1265;835;614894.03,251804.14,618615.4,254260.53
939;564;622072.8,243265.86,622625.78,243598
943;360;629528.98,243051.78,635449.43,245311.97
792;305;623779.84,239153.11,623833.97,239173.95
1355;523;595896.82,213070.87,615866.15,220778.59
585;683;635775.67,242753.61,641865.63,249863.76
1401;1031;600523.15,233858.12,601171.91,234335.54
1456;879;603044.2,258087.58,615604.73,265670.48
1828;810;601658.96,232905.95,603338.45,233650.14
698;906;615835,253380.53,617194.55,255145.21
1755;920;626772.41,239835.74,626793.73,239846.92
1877;711;590651.64,230061.53,596836.48,232404.32
1477;1037;595284.26,234394.66,604188.54,240646.35
874;440;640463.07,255712.27,640524.77,255743.33
1518;322;634718.06,245707.11,635419.89,245855.98
1438;937;632160.2,247131.1,645391.74,255752.77
950;485;593135.49,230510.03,599327.34,233671.13
1731;694;614426.39,223217.85,614497.36,223246.31
611;966;601532.85,255855.86,602995.04,258167.62
1026;716;603557.08,235859.61,603573.31,235870.93
798;551;638464.22,250025.33,638617.2,250130.96
873;741;622446.4,239751.15,623032.92,240248.99
934;887;600620.47,229235.26,600858.83,229461.62
1634;586;638353.39,243752.53,639930.52,244318.13
1078;331;617634.54,244491.99,620103.41,245250.06
1064;348;613556.93,240581.94,613851.45,240678.27
1616;832;600228.56,258051.8,603707.44,259842.91
910;761;591223.77,213091.19,597884.28,218661.13
1699;927;605568.62,259246.32,622115.31,268274.44
683;932;608722.3,226593,608747.64,226627.58
1539;514;601662.27,230907.86,601693.74,230918.37
1279;324;602480.29,233821.48,618401.86,237854.77
557;909;613755.06,253956.22,613866.51,254138.11
1032;1030;601698.49,213798.37,603669.62,215765.68
864;520;591073.61,252205.41,597194.43,255889.24
1094;804;610754.42,252067.51,613521.29,254100.93
536;499;605422.76,226938.33,606104.53,227573.03
1797;876;631605.09,245918.09,632098.03,246158.38
863;422;609903.8,251543.2,611362.56,252256.52
1181;653;613780.58,255262.68,614964.14,255917.09
637;1018;639461.71,256148.48,639479.94,256177.61
977;364;603746.28,222987.46,605799.42,223752.39
1139;1008;604028.62,248027.58,624114.91,265803.68
1910;550;597707.28,220522.04,599345.39,220993.75
1618;312;600602.63,251427.77,603236.49,251935.65
1592;1010;632508.28,243779.3,632911.1,244034.86
1509;890;592218.88,229063.82,597296.22,232058.42
1678;599;603663.79,256927.54,604610.75,257265.57
1297;847;623057.89,252808.09,643519.37,266170.37
1051;304;610937.38,230887.23,614030.17,231781.82
1183;850;600643.74,252553.6,600723.26,252610.74
1517;884;610273.31,245015.23,610584.06,245196.32
1255;984;620489.77,236789.22,625397.84,240637.46
1123;743;626992.77,236199.67,628167.8,236977.1
1226;908;612908.48,244933.49,613081.4,245061.55
826;1066;608517.78,231949.65,614443.71,239597.4
1266;878;618710.93,212168.82,638379.32,225809.3
938;820;615077.08,238524.15,615132.84,238572.89
995;970;613729.33,254345.47,619079.32,259561.04
1636;400;606429.55,256801.95,609339.66,257513.46
1232;821;630194.86,248082.8,648694.48,260410.88
1462;375;606562.1,257512.43,606583.65,257517.96
861;330;603471.13,225997.89,604789.28,226503.11
1619;832;600368.44,251510.49,610526.78,256730.84
1218;1009;632239.51,242793.46,645244.14,253566.59
941;534;615839.03,252305.51,615880.96,252329.3
1081;570;613001.12,252416.32,626038.15,259290.61
1669;712;601086.15,237313.44,608697.5,240560.46
965;772;613579.84,222635.68,613990.62,222964.3
1234;887;604369.88,226807.55,609255.5,230319.34
762;792;635358.73,247921.33,636726.12,249342.56
939;641;605314.69,250732.43,610378.97,254189.52
1644;859;608476.58,230332.84,608523.59,230357.4
646;972;596824.71,252341.11,596838.05,252361.19
711;757;640310.28,240219.58,642050.19,242072.06
508;1052;627048.88,237901.14,627125.43,238059.67
905;634;616062.2,245938.57,616264.81,246080.51
518;829;626357.54,232282.89,627634.84,234327.07
1487;669;623877.33,239169.88,625143.66,239739.6
621;752;616268.87,244402.5,618922.98,247616.5
1308;688;635097.33,238841.29,645429.02,244275.7
620;551;626443.34,250688.85,633646.59,257090.45
1137;799;599780.24,229246.98,599822.87,229276.94
1881;485;603358.28,228495.07,623296.41,233635.95
963;873;607760.71,223364.09,609229.74,224695.82
1272;529;596436.74,231439.46,598661.47,232364.68
1461;677;619729.27,239045.01,622316,240243.65
1514;527;606509.64,226817.13,610342.14,228151.17
600;309;611543.26,239198.18,611683.82,239270.56
668;447;603571.98,229733.83,603614.02,229761.96
1445;772;597214.23,224214.72,600151.79,225784.13
1227;863;604463.35,236082.22,604582.53,236166.04
1651;372;607389.83,250356.69,607410.3,250361.3
835;909;612635.13,244088.41,613430.76,244954.55
1036;972;607961.86,222942.94,608837.27,223764.27
1593;691;596872.53,224322.57,596921.24,224343.7
1469;1015;612420.61,241112.6,612482.71,241155.51
1166;800;614728.6,257403.79,616137.99,258370.78
531;309;610364.7,241002.84,610388.05,241016.42
526;448;619661.52,240850.46,622144.68,242965.4
1535;904;624903.51,237475.07,624953,237504.22
1235;943;623536.61,236529.64,624263.07,237084.33
969;563;623459.55,224656.82,639960.42,234244.02
1444;702;601686.59,215992.24,602428.07,216352.71
1864;946;626684.19,237491.38,626950.08,237626.32
555;418;618282.98,236433.23,622606.73,239689.67
1539;935;613467.32,223108.53,615007.72,224044.38
731;1002;601652.02,222143.44,601865.45,222435.99
1386;953;642916.95,246547.12,642993.51,246599.77
526;637;595148.01,217603.07,599654.64,223060.72
1838;935;599394.15,218081.08,601430.28,219116.87
1517;1077;601062.79,260076.99,612589.15,268260.18
1150;1022;600352.93,227059.59,604727.26,230947.05
514;429;608561.34,231681.89,608795.66,231877.46
962;538;605199.39,249686.33,610771.72,252802.66
1691;952;612026.84,251801.45,612222.46,251911.57
1192;638;595184.42,250618.81,606010.55,256413.33
777;686;595750.99,230114.72,595844.7,230197.45
1693;1078;609366.14,250981.06,634751.45,267144.9
1520;795;631249.1,241681.39,631628.37,241879.76
663;489;608807.72,250419.91,608951.17,250525.71
1764;575;601342.73,218214.29,602144.88,218475.77
1679;657;603303.73,213177.51,621193.7,220177.93
1733;857;612357.08,259056.49,614167.71,259951.88
1319;341;606386.47,231826.62,613207.18,233589.97
1355;1031;633880.38,245782.64,633925.13,245816.69
1695;736;600759.41,249661.93,600785.39,249673.21
969;866;611527.68,223641.38,621162.96,232252.48
1756;940;612094.44,248742.86,613171.27,249319.3
1188;623;609236.01,234872.21,610698.48,235639.15
827;1061;609544.58,239746.3,609810.43,240087.37
1815;978;635434.74,243807.88,636231.9,244237.42
880;961;608714.94,245313.41,610087.17,246811.95
1146;925;596508.04,257654.57,602048.02,262126.2
682;698;602649.22,257588.03,602661.44,257600.54
598;477;638689.25,249587.98,638704.86,249600.43
1082;775;612569.91,231009.96,625733.43,240438.54
1908;406;591559.06,251281.75,610211.53,255250.78
1751;421;590488.82,222592.83,600216.02,224931.58
920;606;643629.71,248344.3,643646.92,248355.63
1863;1078;599600.05,258073.6,601241.87,259023.62
560;488;593680.49,227550.4,593954.07,227788.81
1668;380;619893.75,243032.92,620511.34,243173.62
1358;498;615672.4,253064.9,621662.04,255261.39
1673;851;605745.01,260348.61,607570.86,261277.36
1570;382;608376.65,250295.32,627224.14,254881.14
1058;748;608289.51,232307.51,608322.66,232330.95
684;507;628056.8,233953.03,630805.32,235990.31
1279;844;614381.94,227156.1,632035.27,238805.36
1451;369;613193.95,247229.9,624698.34,250155.55
1644;851;606673.14,229669.51,606992.47,229834.81
896;500;610543.37,242681.2,628005.86,252425.89
857;549;631561.08,235901.37,638884.26,240592.65
1876;346;606881.78,250823.48,611464.82,251668.75
1067;589;604307.4,230339.25,606199.58,231383.76
1219;667;601878.11,215800.12,614270.46,222580.84
1887;706;592304.2,210743.91,626929.98,223698.76
997;1001;612420.82,222657.71,612432.59,222669.52
628;959;606082.34,215467.73,612850.5,225803.18
1750;794;596724.29,253252.24,596972.45,253364.83
712;403;613370.67,248520.81,613378.19,248525.06
1219;711;599411.59,230937.76,604829.07,234097.59
1850;479;621931.85,245427.8,621974.22,245438.77
1657;541;639948.1,243811.07,645491.73,245621.03
1775;342;598005.75,226029.29,598042.02,226036.28
530;492;613006.17,236044.02,619241.98,241832.74
1084;554;636699.76,249857.23,636721.57,249868.38
964;625;598191.91,226427.85,606861.17,232048.48
1277;577;592457.25,228030.39,597192.42,230169.93
889;830;609819.31,251240.73,616692.44,257657.71
995;650;596627.66,230062.97,596661.69,230085.21
1317;633;606669.77,233141.88,606730.08,233170.86
1538;629;611292.8,249360.55,616649.23,251551.18
886;855;599991.61,227543.3,600017.03,227567.84
794;661;640474.12,255647.77,646546.7,260703.16
1226;497;613923.17,256621.42,614012.2,256657.51
944;1051;632355.58,246407.26,641779.98,256899.89
881;1043;598175.86,228205.43,598234.6,228274.98
929;532;611162.19,247827.61,619263.89,252467.12
1417;945;609280.65,224682.62,609341.74,224723.36
1544;429;637386.19,254445.14,642369.32,255829.7
585;646;623722.03,235495.28,624399.05,236242.88
891;1046;606368.19,234561.77,606419.34,234621.83
1303;809;603918.22,222179.87,604039.55,222255.21
1233;892;627890.32,239817.84,643213.05,250902.9
1613;725;590494.78,251202.49,598044.9,254596.07
1490;770;602554,220052.87,603642.86,220615.56
1398;578;611210.47,223305.58,611665.23,223493.6
1617;1013;613205.29,254370.43,633581.57,267135.54
1646;352;641494.27,248111,646750.09,249234.96
874;592;602815.22,229497.55,603146.96,229722.25
1619;919;621815.35,241031.36,624370.6,242481.81
731;948;599992.75,254800.98,600005.63,254817.69
1601;505;619779.3,238137.67,632524.29,242157.79
1016;436;599540.34,238688.29,615584.83,245573.53
833;946;608161.09,245815.54,611312.04,249393.93
594;507;614347.03,228646.55,614493.56,228771.62
1169;982;614875.2,225456.72,617999.28,228081.05
1050;894;619048.8,255766.77,619162.99,255863.99
539;332;603587.56,227498.6,604263.49,227914.94
796;385;609576.88,229168.03,609643.07,229200.04
901;467;608752.6,221275.05,617947.31,226040.79
637;916;630339.63,234407.6,634406.05,240255.08
1898;1026;611014.18,222520.16,611048.74,222538.84
738;419;608724.44,227734.3,608773.18,227761.97
1191;446;615378.56,236710.73,616211.08,237022.49
1667;351;599766.8,212308.68,630385.42,218755.68
1488;1040;606692.45,249139.91,614432.55,254549.66
659;1061;608686.95,246846.22,609559.68,248251.33
954;666;639013.01,246688.61,639512,247036.96
1301;357;609855.48,236676.82,610792.95,236934.07
1420;396;613051.29,247825.4,617742.14,249133.55
1151;636;610833.17,253253.95,611285.37,253503.82
1735;1056;595982.34,235666.56,604839.86,241057.65
1478;518;599177.75,213868.7,602050.49,214875.51
759;366;615855.86,254602.25,615912.61,254629.61
672;1070;608290.65,244681.83,610352.61,247965.02
1118;1067;598227.02,245742.13,603331.01,250613.29
606;698;625694.59,229492.52,637293.14,242851.9
1837;866;616840.65,240420.32,639932.32,251306.21
962;1051;619402.4,256724.5,619465.28,256793.19
1319;447;627287.37,239558.48,627335.14,239574.67
853;1064;617744.21,243356.3,617948.52,243611.15
640;407;606713.34,227320.06,608455.66,228428.06
1236;418;616320.83,237352.51,616523.28,237420.98
1046;909;600955.73,240443.34,607402.16,246045.45
995;759;611137.99,238085.44,612292.13,238965.84
1302;560;623297.07,235420.82,623975.04,235712.41
1020;480;598878.22,212569.74,602627.42,214334.07
1407;942;631346.75,243470.87,631605.44,243644.06
1317;450;606039.67,227302.89,608499.58,228143.4
1695;979;609601.39,229784.13,609974.65,229999.73
1022;1053;599325.44,245396.93,601567.33,247706.82
1818;978;594194.39,229244.82,596943.61,230723.78
1613;916;614429.93,244311.86,614487.31,244344.44
768;837;603752.85,231170.18,604251.86,231714.02
718;684;606453.12,228180.61,611922.12,233390.62
1483;625;613027.32,223612.79,613093.78,223640.79
1053;857;618111.55,239990.53,618140.34,240013.96
1516;997;594369.31,231922.05,598755.3,234806.51
1417;634;592329.38,245078.43,609339.89,252689.34
1369;402;627846.14,243987.78,627933.25,244013.36
719;1079;605578.86,256706.6,609353.38,262371
1271;593;607119.76,248081.87,607143.28,248092.85
1371;1023;613492.64,241954.15,613824.82,242202.01
