1533;1078;613568.75,247210.48,614205.21,247658.04
734;774;606183.42,274669.33,606859.64,275382.4
901;774;620388.14,250921.75,620399.69,250931.68
905;842;608108.06,261442.4,608160.31,261491.02
862;575;630175.63,253599.69,630227.11,253634.02
899;373;615666,263091.68,615786.83,263141.81
813;308;634056.06,257321.7,634072.06,257327.76
758;440;622377.33,260000.47,628613.7,263620.53
1793;876;620571.53,249749.45,620781.92,249852.24
1247;335;621441.01,274503.29,621466.34,274510.09
887;1019;609196.35,252594.88,620407.98,265475
745;742;617593.65,260087.93,619016.1,261504.65
543;756;612594.4,263491.01,613182.8,264310.22
603;1055;623730.77,249674.18,623743.42,249696.32
961;688;604095.27,272438.77,604425.44,272675.14
1069;699;619527.47,266970.31,619543.02,266980.47
675;748;624545.26,249982.42,628040.37,253855.52
587;557;617237.38,273395.1,617934.05,274056.16
1446;440;619180.28,273517.06,620076.27,273789.7
1661;740;608987.83,249772.46,609718.6,250098.03
913;844;592277.71,253348.54,592362.01,253426.47
1887;313;620554.23,271382.12,620593.47,271388.63
709;603;603926.77,257772.4,604271.18,258065.32
1739;426;612373.57,275099.73,613082.37,275273.36
511;509;610508.08,271301.59,614175.35,274954.5
871;958;620800.08,267393.25,622777.03,269567.67
648;649;612276.46,248127.23,612508.65,248359.78
630;776;609121.31,263466.49,609882.37,264403.92
1601;727;602677.94,256808.89,605942.47,258291.29
1862;1048;630835.16,247997.56,630945.65,248059.75
1570;1048;622519.76,244567.03,622701.15,244688.12
1417;548;608528.79,252205.17,609111.27,252430.44
1317;806;629471,248437.67,629725.13,248593.19
968;463;635254.7,256107.07,635515.8,256231.95
1307;841;616612.06,256685.04,617336.96,257151.48
994;897;631256.77,250972.49,631273.56,250987.64
1376;486;607859.24,265581.06,624028.42,271291.98
801;845;638394.43,254063.38,638781.34,254471.55
877;631;608580.1,265946.66,609762.53,266797.42
1554;574;633570.23,253041.59,633592.33,253049.76
1625;944;611077.2,252905.13,611232.37,252995.27
935;613;610130.56,271459.64,610221.57,271519.31
816;735;614439.96,264859.1,614662,265059.11
1900;706;612349.8,249461.34,615244.8,250537.06
1077;350;610619.84,248711.2,611155.99,248885.43
771;557;603996.92,254700.79,604127.4,254795.05
1612;657;631881.14,261026.73,631937.76,261049.8
550;840;622623.44,258970.98,622726.61,259128.55
1188;314;611163.41,249517.38,616279.74,250869.67
946;335;632709.49,256058.18,632727.74,256064.64
543;338;610473.38,266754.3,611138.09,267168.07
1020;672;616622.27,257265.57,618732.49,258655.83
1124;638;619981.83,261143.87,625978.48,264547.67
1863;1053;610791.46,259279.99,610850.34,259313.27
1607;927;609204.11,250993.66,609351.55,251078.71
1910;1040;615667.38,273112.06,616307.94,273460.85
1247;536;619678.43,250309.17,634852.25,256831.36
887;685;610201.09,267134.95,610327.29,267232.4
1137;1067;611806.65,255818.37,611851.66,255860.61
727;838;604668.81,272211.96,604694.1,272241.11
1399;979;634359.66,254533.56,634817.35,254853.84
1543;904;625897.56,263607.84,626056,263700.67
918;327;599626.79,260136.93,600435,260424.82
1598;1059;599026.77,251430.86,599111.76,251487.18
1069;1009;625298.3,266205.45,625309.15,266215.7
1183;503;634350.13,258519.13,634458.13,258565.05
699;496;615535.55,246781.09,615546.58,246788.92
1496;420;602398.66,249731.55,608546.78,251457.63
801;920;614093.7,254133.8,614831.97,254981.75
1277;479;612962.16,255480.49,613004.69,255496.44
545;653;634169.3,259540.4,634179.42,259552.52
1671;722;612835.05,269392.6,615431.96,270514.67
796;618;624742.96,274690.76,625193.51,275040.56
1816;342;613474.86,269644.03,615426.92,270011.65
709;638;608189.41,259891.17,613331.45,264518.28
1040;804;615133.61,259963.02,615186.88,260004.2
1148;401;627352.81,243572.6,627385.43,243583.99
658;838;614056.79,261999.89,615588.6,263950.74
1536;978;615095.58,257135.12,615852.61,257617.14
1670;971;601279.05,253244.05,601303.01,253257.98
1900;895;613494.17,262808.19,613622.61,262868.69
1033;582;611729.88,255754.15,612122.98,255975.62
1490;1009;624597.83,246773.97,624698.03,246841.83
1037;878;605870.3,264849.58,608646.21,267199.87
579;826;621529.75,261943.19,623472.39,264714.56
1290;370;604047.89,274226.22,604117.49,274246.18
1054;799;615856.85,256784.42,616209.71,257051.91
618;698;623355.46,271644.03,623532.19,271843.64
832;554;616709.25,256056.82,617424.02,256532.76
1576;941;598365.1,251031.41,613421.69,260021.42
723;480;619359.05,256284.59,619422.65,256326.82
1236;960;608341.29,257429.1,608639.44,257660.67
512;515;616468.83,274767.57,616738.52,275038.84
1467;709;607684.2,256200.16,608843.33,256760.37
705;926;615686.1,259914.48,615695.23,259926.47
582;309;626484.71,251941.4,630370.81,254004.64
706;521;609809.49,258022.46,609840.15,258045.08
1899;653;625212.3,251162.75,637460.9,255374.62
1105;842;622400.86,256591.68,622482.89,256654.18
754;448;611809.37,247319.06,613498.18,248322.49
541;988;620356.07,246595.97,620952.99,247686.11
1486;662;612507.31,251515.62,616513.64,253300.41
1262;762;610111.84,253966.43,610128.22,253976.32
804;779;611282.5,274158.99,613030.83,275852.95
1364;1016;614455.1,259975.91,614680.93,260144.13
1810;1036;601763.94,261435.52,601893.17,261509.49
977;686;612663.31,261551.22,616892.52,264520.75
1276;884;617346.1,256084.42,617963.68,256512.28
1316;885;606197.66,274606.01,606932.64,275100.28
546;649;609782.98,258910.18,609799.54,258929.87
1627;914;617831.73,257997.15,618166.52,258185.22
1236;975;611873.11,270743.66,612230.24,271025.37
1435;866;623868.12,259396.99,624380.27,259706.06
1842;1038;629071.27,260428.91,629185.91,260493.51
624;337;624044.6,261069.89,624067.5,261082.26
872;433;601875,247961.38,602141.44,248093.68
1626;738;605364.53,267335.56,605520.21,267406.22
1494;943;618130.5,272889.91,618157.24,272906.79
1120;782;606778.3,255047.34,610130.16,257387.65
1367;405;624643.55,245146.81,624707.71,245165.82
540;870;628049.49,248267.31,628127.66,248393.25
1085;610;597632.22,252355.11,597644.13,252361.81
635;1068;612723.01,268636.85,612734.74,268656.58
1732;833;612169.88,255879.23,613616.33,256574.9
1248;570;601333.41,252866.86,603581.21,253893.5
1183;833;624926.71,267827.26,625075.48,267932.02
1810;848;610608.98,250074.66,610723.65,250128.39
1238;733;622341.74,251139.86,622418.65,251185.4
836;509;607512.24,249387.76,607707.97,249506.93
720;505;619834.81,263923.81,620001.79,264040.94
1590;664;616148.49,251165.56,616167.38,251173.45
1892;618;618165.01,258087.21,622421.61,259477.58
1852;655;620024.53,267514.96,621370.48,267990.99
700;913;604296.7,246669.44,604314.35,246692.46
1275;792;626676.64,243843.3,626733.58,243878.67
605;901;615849.12,259277.38,616971.36,260948.7
542;334;629875.55,249948.26,629899.35,249962.93
1481;515;608649.75,260552.95,627526.18,267117
1896;612;628556.94,258700.91,628843.12,258793.29
1777;886;630853.99,249838.29,630968.73,249895.49
1173;874;597404.96,250192.62,597518.33,250277.09
1327;757;630586.61,256786.32,630668.62,256833.11
744;869;625487.14,261099.42,625496.93,261110.86
1359;1066;616770.58,266897.43,616910.77,267007.4
1147;448;631564.63,251158.46,631757.9,251233.95
515;702;606071.08,247057.17,606170.19,247192.26
607;351;632181.95,249927.44,632351.04,250025.22
1406;337;619037.88,267068.7,622121.23,267807.74
942;378;611962.15,263092.75,611976.82,263098.64
1060;989;620578.7,257421.61,622885.63,259574.01
1630;506;617102.36,258706.72,617208.23,258739.58
980;832;623135.2,248485.53,625259.46,250288.98
1327;894;606797.99,272128.38,607212.09,272407.36
915;490;622816.86,254275.6,623975.01,254895.81
1349;506;609641.53,261382.76,610366.97,261654.87
1468;330;620774.13,252905.08,636159.87,256363.73
1899;899;620362.97,264110.59,622899.79,265311.54
1906;1018;620115.95,253575.28,621418.26,254270.84
1100;492;624178.65,246777.57,624953.5,247124.13
1166;752;625525.67,243823.78,626800.86,244646.2
1610;621;600944.02,254973.21,605163.71,256600.81
1710;446;607355.21,254943.26,610669.63,255807.73
1027;751;619639.52,261648.92,619745.99,261726.77
1241;558;591607.71,253967.22,592190.7,254229.36
1274;1054;604823.04,254530.66,608388.39,257480.32
1857;816;625671.73,268394.59,626319.95,268679.43
1132;1031;631520.66,262291.77,631577.51,262343.55
1901;404;625821.91,250169.96,625911.72,250189.04
1893;426;630197.6,249603,630692.03,249714.27
1424;421;620023.67,268855.09,620237.01,268918.16
555;348;607529.76,263343.23,607786.67,263504.32
1443;598;605095.08,252025.03,606938.06,252788.78
1778;734;628047.79,252948.99,631648.19,254435.32
1754;335;615543.41,248386.85,627067.49,250587.86
915;1037;611534.02,267510.7,611561.25,267541.56
1006;492;615691.68,258438.48,616390.83,258780.41
682;992;622488.48,257932.39,622499.9,257948.99
935;327;632545.66,261435.31,632920.25,261566.32
665;839;596490.31,249503.7,598624.95,252196.88
594;799;608256.8,252648.39,608737.83,253295.43
1175;949;629923.94,251986.42,629977.21,252029.44
743;896;620794.01,253397.61,620842.75,253456.39
1523;575;615158.6,260619.45,625676.1,264590.27
1002;349;606445.59,268392.52,606533.63,268423.19
556;1016;600202.35,261115.87,600360.56,261404.97
1692;719;631492.09,258084.18,631828.11,258226.97
954;934;610093.41,268002.87,610705.46,268602.09
1117;537;604884.46,251102.93,625541.15,261033.67
774;695;621624.61,261908.36,622080.23,262317.48
1609;548;618585.42,271217.74,618656.17,271241.84
1122;440;637110.32,252925.57,637292.3,252996.93
512;459;601011.25,247025.37,601018.21,247031.61
923;513;624415.44,248836.61,629210.05,251501.44
1749;1048;621484.31,268073.43,622073.7,268426.59
1084;589;612169.87,246572.26,612263.12,246622.93
1837;783;611953.25,269155.76,613794.39,269940.53
1041;369;606135.83,271491.58,606373.86,271575.95
1381;967;604878.73,247509.8,604907.5,247529.94
1049;784;627123.27,264725.89,627460.79,264978.14
1092;773;606646.63,267927.71,606688.3,267957.21
1491;743;607281.22,267180.11,611900.59,269482.06
1141;357;602657.32,246090.87,603515.9,246359.5
652;568;597102.83,251649.23,600069.14,254233.37
1302;305;605840.96,270526.16,605907.79,270541.82
1883;795;611360.28,267067.47,614218.03,268274.01
1677;586;612543.89,246693.96,623274.7,250443.67
698;1079;618635.33,256776.3,620715.28,259991.58
904;711;625027.39,243679.32,625039.07,243688.5
1274;751;615083.37,272481.43,616649.14,273404.43
1899;471;612553.46,267886.09,612669.77,267914.94
955;915;623923.28,266439.94,623957.3,266472.54
1777;1056;606824.75,247294.71,606913.52,247347.46
1139;749;610339.1,259638.06,610465.71,259721.32
1224;774;601501.24,260054.11,601519.95,260065.94
605;968;606013.57,263097.05,608070.95,266388.86
1123;612;617250.72,249855.79,617378.12,249925.22
711;529;621633.78,261349.53,621661.18,261369.92
1199;782;600605.86,253635,602946.55,255161.62
516;733;630480.21,255798.64,630506.73,255836.32
1814;870;622706.11,272044.28,623199.69,272281
1073;657;610957.98,273309.61,612311.41,274138.31
1872;368;598742.54,256942.36,605078.77,258187.94
1607;638;599126.99,248390.51,601060.2,249158.02
596;866;620710.79,265108.96,620724.07,265128.26
1674;1060;620332.71,273076.78,624318.88,275600.87
1836;895;618000.06,251918.06,618236.36,252033.25
909;540;608891.29,260643.23,610480.83,261587.51
1298;830;620571.76,263610.87,620612.31,263636.8
1790;1050;623764.43,274162.3,624207.14,274421.99
1904;870;608235.53,256498.64,610728.23,257637.63
604;891;609500.04,272030.95,609649.49,272251.41
1604;850;615120.97,273846.99,616513.24,274584.78
1600;352;615760,261166.31,616019.96,261223.5
1340;1053;616131.17,271034.49,618682.19,273039.14
770;1065;600991.69,250128.65,601011.62,250156.21
1790;1069;611538.14,256756.77,612133.28,257112.19
1212;586;615939.12,270343.61,616137.39,270439.47
657;400;617771.25,262319.74,620097.91,263736.28
1129;967;604471.25,254508.42,620835.89,268524.9
1778;857;604883.8,262916.68,605118.29,263029.71
944;1045;619733.29,255382.62,620463.87,256191.36
1142;899;612315.54,274956.84,612503.84,275105.07
1681;602;603446.02,250921.59,604090.85,251152.52
1863;839;597672.23,249316.64,597696.62,249327.62
1836;866;633826.68,255308.64,633899.03,255342.76
756;472;611375.99,269111.24,612664.35,269915.62
1195;975;627953.2,258543.08,627999.94,258581.21
862;590;618721.04,270511.44,620299.69,271591.95
673;712;620216.26,273166.15,621205.62,274212.85
991;623;623149.93,251227.48,623194.73,251255.64
1597;433;608347.79,261361.56,608366.31,261366.58
1903;933;613336.86,265440.36,613482.52,265511.77
1705;771;623226.18,265273.07,624791.18,265980.76
1646;570;603677.13,251592.16,604829.39,251991.18
1321;739;618449.41,254496.21,618463.57,254504.13
1702;855;625503.66,246153.13,625536.11,246169.44
1631;791;628081.09,263243.18,628106.67,263255.59
1551;597;604170.77,254771.1,613115.71,258214.12
1420;969;617657.69,271444.1,619221.74,272511.4
1467;398;623353.45,266007.17,623674.52,266094.27
1120;995;615718.55,260421.8,624509.61,268231.71
621;914;626726.76,251989.14,626740.49,252009.34
1293;429;612645.02,269793.31,615450.83,270724.24
1562;895;604140.35,255809.04,607992.28,258016.13
1149;314;604933.38,261308.58,625543.31,266940.89
1820;468;625658.46,249842.23,626206.89,249983.25
951;834;609555.36,250067.13,610208.58,250639.98
1847;455;605448.24,251672.45,605470.69,251677.98
1121;505;626818.59,244305.86,627061.31,244415.2
1511;397;606962.79,250662.76,609679.83,251376.63
877;897;630051.74,251413.06,630263.8,251629.95
1035;783;617319.07,258477.1,617364.11,258511.18
1060;356;619955.12,254524.94,620339.09,254653.9
624;836;605852.88,265792.42,605868.41,265813.23
1530;496;603095.06,258177.65,603122.5,258186.55
1798;495;619030.29,255489.96,623088.87,256607.31
718;728;618827.8,260970.43,618842.95,260985.78
1784;900;615997.22,248390.86,617916.27,249358.99
521;462;616880.95,265142.5,625403.1,272699.57
851;605;626252.15,258675.66,626878.81,259121.17
1839;587;620112.13,258829.56,627323.3,261131.33
1651;496;624888.08,245249.9,626523.25,245741.14
685;1057;622413.96,274113.45,622707.91,274567.03
857;703;620881.38,268964.02,621197.04,269222.96
1734;1023;608012.21,266582.94,608908.52,267111.74
1543;880;613347.96,247813.27,613550.61,247928.85
857;557;613526.83,253557.69,613745.88,253700.06
1209;931;613244.66,250387.67,613326.13,250450.4
988;700;617263.47,251949.94,618490.18,252819.07
1167;598;616023.28,248962.88,616043.01,248972.99
1487;919;633741.72,249277,634085.4,249489.4
1095;307;619930.46,250250.49,620703.76,250467.29
1482;1041;607098.58,272877.87,608827.99,274092.65
1257;958;614394.75,263314.22,614667.43,263522.04
871;405;605118.82,265931.34,613263.04,269718.26
1756;621;616567.96,255565.32,617014,255723.06
1852;860;621824.13,273258.48,622017.96,273348.48
682;329;616510.26,258026.67,624895.44,262071.72
654;547;604488.88,265707.38,610819.57,271002.31
1439;968;613114.67,251974.56,613322.82,252114.59
1641;966;624678.28,262806.48,624708.81,262824.45
1829;679;623436.88,268222.07,625712.39,269066.83
814;727;618305.66,247449.56,618797.75,247889.06
1919;504;604564.7,249084.3,604585.64,249089.8
1455;715;604426.17,273367.9,604505.4,273406.84
907;668;630375.74,260515.8,630649.69,260717.56
1676;918;633269.95,258174.61,634400.5,258793.84
504;943;611602.86,246591.15,611753.21,246872.46
502;956;606592.06,267018.72,606741.7,267303.71
748;1073;610287.83,252194.62,614885.6,258790.09
1638;554;613157.09,266516.92,613175.61,266523.18
1331;573;608737.51,266162.64,609010,266279.95
1640;628;625167.82,257686.18,626569.64,258222.97
1555;601;624238.9,266145.07,624284.76,266162.8
1524;568;604203.32,253803.94,604360.86,253862.65
1797;810;618955.47,269585.07,624765.84,272204.1
1884;716;629185.68,259433.52,630148.22,259799.33
1785;569;608686.26,256296.34,615745.74,258546.68
1382;776;612693.59,264959.93,612796.51,265017.72
1478;1022;619303.54,269366.94,619329.6,269384.97
654;999;609193.62,259101.94,610581.33,261221.7
983;377;595612.83,249810.03,596137.03,250011.08
511;704;602592.44,259726.29,602601.51,259738.8
819;949;612903.43,275326.38,613076.97,275527.47
1658;376;617268.48,249466.99,617421.86,249501.78
758;302;611192.53,248779.38,611294.08,248819.84
1828;955;626466.45,249268.98,633563.15,252976.5
834;975;602834.49,255200.49,605813.12,258682.7
1142;952;608991.22,254596.26,609085.99,254675.26
965;429;630448.54,261755.24,630460.51,261760.56
1817;530;632807.79,257683.24,632832.49,257690.44
1141;547;624532.49,271537.16,624630.14,271583.97
877;659;623295.06,245084.89,623610.7,245322.08
925;538;597351.62,253128.79,597404.99,253159.83
1127;578;606758.91,261018.37,617161.88,266353.69
707;622;606656.81,261435.1,620270,273411.62
1797;723;625365.27,249003.64,626711.54,249545.29
946;948;614227.12,257762.26,615493.06,259030.88
544;931;614943.96,259964.23,615028.5,260108.91
697;514;609949.17,251962.64,610491.9,252362.88
1438;902;625534.6,250015.9,628058.71,251599.17
838;822;619757.02,260357.43,619831.97,260430.95
1564;873;621572.76,253344.94,631866.6,259090.8
1554;669;631588.42,250564.52,631704.77,250614.61
1727;493;606862.44,252645.16,607209.19,252744.14
1212;634;604839.85,264510.18,604853.19,264517.16
846;343;620793.1,246606.65,621925.71,247065.85
1079;593;613266.08,267002.95,613279.26,267010.19
1688;756;615387.19,246048.77,615883.7,246271.14
1741;880;597132.59,252746.84,598596.99,253487.04
1299;811;624947.28,260044.33,625758.75,260550.96
526;808;624707.48,265845.51,625854.44,267607.37
963;416;607022.31,273412.24,608024.41,273845.13
1319;782;613183.81,266003.38,616194.56,267788.37
1538;1031;617838.84,248014.78,621829.88,250690.18
1342;848;616853.83,259484.77,617093.37,259636.13
1425;1062;607979.49,255557.83,610272.26,257266.55
1112;1045;615272.96,251252.28,616858.19,252742
1910;749;618903.14,260106.56,618933.79,260118.58
813;603;594325.27,250418.39,594356.97,250441.89
767;320;613780.79,247371.56,626203.31,252554.36
1861;810;609510.83,265346.18,610682.27,265856.06
1257;595;620592.33,275009.47,620803.93,275109.63
1795;721;606955.22,259010.5,614595.78,262079.49
1764;813;621887.89,270782.17,622039.2,270851.91
1214;741;621909.36,253971.97,632607.36,260501.8
1595;518;613140.33,250885,627937.36,255690.55
1331;382;613607.1,250202.51,620649.43,252223.67
1442;577;611646.65,263774.6,611846.77,263854.68
872;311;605514.94,273495.65,606351.79,273794.11
637;762;602777.05,249751.25,606607.79,254333.7
1516;811;633169.1,252920.32,636008.92,254439.51
1306;440;603681.03,247308.71,604197.26,247482.63
1052;351;633885.32,248850.19,633905.65,248856.97
850;370;609569.24,267009.28,610029.15,267209.47
763;1046;605095.52,267203.45,605227.59,267384.51
1021;372;607974.93,273813.53,608258.81,273916.96
1812;1018;610264.31,259018.91,613058.96,260588.97
1164;557;624176.32,252066.47,628192.56,253988.33
1327;880;613404.09,268775.69,613469.55,268819.1
1793;927;624507.86,251528.16,625989.69,252294.28
1772;444;625853.97,264008.48,626008.79,264047.27
1059;1065;627708.59,262336.99,628060.88,262691.27
1083;515;612565.23,261292.73,620253.23,264948.61
1424;936;609857.35,258133.28,610594.88,258618.06
673;512;605821.76,274235.6,606026.32,274391.23
941;939;617662.44,264712.83,617678.14,264728.5
1438;343;602677.86,252254.58,605240.04,252865.73
1316;394;610941.35,249935.01,611029.91,249961.53
1838;709;628106.06,261111.57,628269.54,261174.63
1320;392;600900.77,252351.91,601681.14,252583.65
1381;796;609938.32,265509.49,625383.96,274412.27
1219;593;603896.11,254557.12,604184.61,254697.47
1575;554;600584.57,246373.57,609834.08,249627.05
1120;389;620517.5,256122.22,622666.26,256868.53
1311;740;619364.76,253478.21,624082.88,256141.38
1300;352;604260.44,259316.17,614692.89,262140.96
1907;518;633748.46,253244.79,633784.99,253254.71
511;523;606963.84,266381.8,607133.62,266555.57
1505;683;604318.33,259270.31,606541.52,260279.24
585;1019;600370.21,254845.04,600524.84,255114.4
769;746;606153.79,273965.66,606711.58,274506.77
1041;310;596244.83,252513.75,601455.6,254065.47
1746;883;618667.92,264532.33,618734.77,264566.14
1184;739;633793.6,256117.2,633813.87,256129.86
1537;304;620934.1,259569.7,620970.82,259576.96
870;646;605309.5,251343.72,605319.93,251351.46
1094;669;594703.23,253342.72,595813.01,254021.37
1333;586;619507.72,273251.11,619570.12,273278.54
1387;493;610182.88,268499.71,610225.15,268514.74
1607;649;612443.13,274879.53,612492.34,274899.41
697;726;608363.79,255724.71,614711.33,262336.36
659;694;605520.22,264665.63,605529.38,264675.27
1024;1021;623119.58,271107.57,623140.57,271128.5
1014;378;613642.1,251271.06,614633.55,251640.66
528;907;610136.6,262033.35,616838.44,273545.79
1718;865;608778.21,266346.33,609141.03,266529
1802;720;611102.71,265955.83,611650.69,266174.79
1234;1057;612153.07,246802.08,613145.33,247652.01
1362;810;599467.55,254081.56,599738.76,254242.85
1055;989;617936.15,248832.96,617959.68,248855.02
1006;519;618472.6,275705.23,618487.01,275712.67
1663;733;634884.54,256056.19,634905.65,256065.49
868;414;597148.45,247070.05,599914.32,248389.26
993;743;608666.23,252145.14,608895.77,252316.88
1756;1031;605620.04,271788.43,605660.27,271812.06
1780;1045;622577.82,250771.24,624166.36,251703.84
531;518;637107.86,256050.06,637129.75,256071.42
1253;590;628087.49,257515.38,628167.09,257552.86
1596;599;602834.89,247573.26,602879.1,247589.85
1476;398;624345.74,275025.4,624596.35,275092.98
578;987;611852.92,271562.73,611865.95,271584.96
1224;759;612295.14,272946.24,612313.42,272957.57
1866;595;601043.7,258783.51,601751.17,259009.1
520;1075;611801.03,252781.55,611809.06,252798.15
534;325;622677.38,251548.12,622683.44,251551.8
1053;512;630347.42,260670.44,630477.24,260733.56
563;353;621509.14,270526.04,621521.35,270533.7
1079;894;628430.35,250610.8,632939.19,254346.58
1147;582;623862.01,260325.16,625365.06,261087.83
1873;330;634918.6,257836.48,635064.83,257862.24
1711;530;615314.7,259970.61,615570.17,260049.74
1194;521;613611.3,253663.57,618829.94,255940.72
673;902;605645.67,250411.72,605669.35,250443.45
797;469;619548.19,265487.53,619587.41,265510.6
524;471;597455.83,250977.29,597493.55,251011.19
545;503;626901.02,258818.69,627170.9,259067.77
707;582;613309.86,275009.02,613334.19,275029.05
580;860;611075.26,274868.29,611090.81,274891.34
1029;370;608504.95,249660.72,618199.96,253146.78
1053;865;620843.24,250783.08,622332.89,252006.77
1695;925;612578.6,254516.54,614641.03,255642.06
1337;345;607759.73,275763.18,607805.59,275775.01
858;522;604822.25,273653.23,605503.29,274067.57
1718;573;604792.86,264690.76,605091.17,264790.26
1521;555;617742.72,257742.8,617823.39,257772.23
773;666;610976.2,269745.94,612112.74,270725.15
1425;1059;600876.01,255832.31,600903.7,255852.88
1449;777;616732.2,259349.85,616942.37,259462.55
1179;566;608914.09,252054.73,611667.16,253376.39
1784;776;606521.24,271531.17,606839.15,271669.46
1389;656;599392.41,248324.47,599664.48,248452.96
993;782;627069.99,252085.72,627685.01,252570.06
541;726;628939.12,251058.95,628999.53,251140.02
1161;497;633503.83,253113.5,633783.15,253233.07
703;303;614564.32,256543.14,614636.41,256574.21
985;559;605290.05,257628.77,614648.41,262939.76
501;911;613713.36,249125.22,615776.48,252876.71
882;769;610467.06,271623.7,611229.49,272288.45
1216;926;615634.48,259730.48,623219.38,265506.48
1755;637;605320.55,262785.85,620613.46,268336.61
808;901;604986.99,263138.11,605549.48,263765.35
1575;784;633779.03,252232.55,633809.88,252247.9
1253;934;618147.1,256762.67,618199.06,256801.39
1454;612;607599.46,255337.25,607659.6,255362.57
1315;1047;627253.02,266887.22,627406.24,267009.21
793;336;623841.69,273309.29,625245.6,273904.14
1070;969;599141.26,256803.65,599152.21,256813.56
1070;820;604820.68,268970.17,607512.82,271033.31
1900;809;599916.8,248800.57,602660.32,249968.73
1880;1047;614632.26,271571.03,615540.26,272076.71
1062;755;605799.89,266157.8,606030.22,266321.55
1150;650;607970.12,256918.04,608000.88,256935.43
1744;660;617711.88,263748.19,618436.9,264022.57
937;1026;617392.44,270810.13,617581.34,271016.97
722;537;624325.57,253356.94,627880.71,256001.14
628;356;619869.49,259270.42,620272.18,259498.7
1489;418;606685.25,252770.76,606706.32,252776.68
1595;505;632384.3,259783.15,632501.32,259820.2
1604;975;623248.33,253057.68,624933.15,254081.81
520;970;600880.18,254561.16,600939.36,254671.55
1401;765;622000.31,260217.98,622016.24,260226.68
1852;1072;621623.77,249404.76,634398.82,256799.39
1657;735;617512.48,250999.91,626718.85,255083.6
1316;512;618973.48,248632.29,619112.16,248686.24
1012;674;626923.12,261817.45,628409.26,262807.23
1675;1022;606687.69,258463.55,606773.95,258516.18
1364;515;621476.16,271670.7,621605.89,271719.68
1011;330;616325.68,259809.51,621059.6,261354.71
1232;375;617424.13,251022.2,626695.91,253844.37
1660;563;601123.46,261552.54,601479.73,261673.38
852;319;631055.45,252740.59,635550.07,254423.43
863;812;601273.03,248345.71,601450.73,248512.91
1119;1050;623907.19,258622.44,628555.2,262983.84
610;1020;610288.85,255941.04,610296.44,255953.74
1309;475;615482.42,263815.05,615533,263833.41
632;689;615209.82,274708.72,615234.4,274735.52
1889;883;597653.67,253213.96,597831.59,253297.13
1746;308;636050.91,257206.99,636251.73,257242.41
979;740;611392.49,246390.08,611415.31,246407.33
1492;914;613334.33,254194.41,614272.58,254769.18
1563;509;599969.77,257123.36,605597.85,258956.17
645;385;619856.82,252546.81,619980.23,252620.47
681;424;616472.48,253154.37,616594.69,253230.46
855;676;621599.7,261912.68,624461.69,264175.5
1181;421;605811.94,264673.8,606473.63,264909.68
1150;427;617095.62,273107.11,617250.55,273164.63
1528;533;621961.69,272494.27,622250.36,272594.97
737;412;618316.5,258268.08,619101.29,258706.8
1042;769;608946.61,264927.43,619705.34,272867.42
1542;588;617850,261861.11,619287.59,262409.3
1004;824;623638,264413.82,624146.79,264831.4
773;752;622235.29,271486.03,622588.54,271829.68
1577;629;597637.37,253437.94,597773.86,253492.38
749;350;625587.89,247365.11,625616.14,247378.32
1489;923;628098.8,253137.43,633460.06,256460.76
1085;584;621228.96,268265.91,621334.58,268322.76
1650;451;625718.51,264858.09,625739.35,264863.79
1371;532;603001.01,257231.47,605649.23,258259.08
1810;817;607241.53,256761.45,607683.35,256960.88
954;753;605414.63,256549.65,607461.18,258165.02
1175;978;611518.21,248769.22,611572.44,248814.36
983;964;623075.1,262269.7,623155.65,262348.69
649;965;613466.19,272980.03,613795.05,273469.01
596;667;606870.87,275422.79,607155.54,275741.37
1523;560;632058.53,255678.47,635251.3,256852.44
538;847;623190.67,266775.23,625413.45,270274.67
595;759;608209.59,245997.17,610117.22,248430.6
595;853;619355.78,251971.72,625377.18,260604.08
1042;823;604546.26,260237.58,604560.26,260248.63
769;306;623570.29,273056.74,623617.52,273075.53
518;685;598615.94,255091.96,599498.37,256258.88
979;323;617278.95,258009.64,617771.63,258172.19
973;1010;595619.72,249816.79,595986.22,250197.22
1919;926;603933.09,250069.46,603976.15,250090.24
1277;566;598010.19,250344.22,607596.6,254593.17
941;611;604294.26,252635.42,605798.91,253612.4
926;1036;619709.4,260119.89,619750.03,260165.35
1872;705;623946.01,262692.42,623985.69,262707.37
1659;574;604326.99,250510.94,620996.92,256278.59
1395;471;611265.42,262118.36,613521.34,262880.03
1333;1015;616705.47,265430.13,616737.16,265454.26
1172;698;601036.82,247817.12,603039.67,249009.95
1413;545;631019.77,247090.76,631396.22,247235.96
743;582;626469.16,251150.65,626595.04,251249.25
732;329;624138.68,263882.19,625456.74,264474.59
1674;918;600702.2,256166.98,600789.06,256214.62
1098;565;614183.27,258397.9,614393.09,258505.87
722;898;598189.22,246520.05,598691.41,247144.66
1121;1017;615562.6,255459.71,616845.75,256623.82
1138;462;633571.71,252872.1,634345.46,253186.23
552;719;612516.98,255985.36,616932.98,261737.37
1297;884;624972.94,256261.77,625084.19,256337.6
734;300;593588.23,252129.15,593740.6,252191.43
1154;537;625540.51,270984.3,625596.4,271010.31
1849;635;621279.35,258115.57,623986.98,259045.45
719;904;604281.96,249130.31,604874.75,249875.62
1065;608;601068.67,251811.09,601380.83,251989.3
546;567;626323.16,247654.8,628353.92,249763.67
1264;1021;614469.18,252277.98,616609.79,254007.07
833;1022;614884.17,262029.77,614940.43,262098.8
645;364;608885.72,255365.68,608912.38,255380.73
1008;905;625782.72,252134.13,626143.46,252458
1437;681;632158.29,257387.78,633390.17,257971.57
670;625;617534.66,267548.77,617586.48,267597.11
676;570;610042.44,252511.74,610060.89,252527.29
1209;487;608482.11,265999.5,609640.8,266466.24
1347;408;609550.46,255340.9,628192.98,260987.63
1009;394;633764.31,257291.92,634200.38,257462.19
1445;630;617543.09,264274.89,622032.56,266232.23
756;737;614956.3,253452.98,615249.35,253738.67
1460;827;614287.97,267893.08,617721.65,269838.05
1434;896;623422.89,261025.85,624986.13,262002.6
1728;462;629115.83,262252.37,630088.79,262512.5
1182;1010;622589.21,269644.34,622767.29,269796.51
566;913;633022.13,256873.05,633994.76,258441.98
1140;1001;616956.69,248891.09,618007.95,249814.17
1235;906;602685.66,249728.56,603012.74,249968.51
714;367;613710.62,264072.89,613724.98,264080.27
848;589;615409.09,247187.94,617843.03,248878.49
1413;1076;605149.73,247078.86,616311.03,255578.19
1297;597;614377.77,274983.26,615474.88,275488.25
950;405;611581.55,262496.45,611937.66,262648.27
524;546;624232.32,246726.39,624906.43,247428.79
696;1045;629368,249083.71,629660.48,249522.85
832;413;616701.89,265382.35,616714.71,265388.71
1775;730;628067.24,259466.63,628395.37,259601.57
892;399;596707.62,254637.02,597002.07,254768.73
1515;882;611087.09,259102.8,611458.09,259318.79
1484;827;631880.53,258035.45,631908.04,258050.78
918;706;606333.55,248864.61,606707.82,249152.45
1385;739;624480.07,246893.7,624598.69,246956.99
1509;438;636481.05,250403.22,636509.11,250411.37
916;551;623726.12,258559.53,627479.98,260817.59
747;938;621417.25,262015.65,621574.04,262212.54
1038;725;629005.68,256723.62,629027.38,256738.78
991;370;610723.51,264676.51,610765.94,264692.35
782;557;599212.96,252640.77,600377.99,253470.59
576;1024;599630.01,252703.4,599750.4,252917.43
980;964;600776.57,254810.35,600970.44,255001.05
1499;765;621020.57,256530.12,624756.99,258436.97
1023;843;622965.2,245526.8,623136.65,245668.08
1820;636;609303,258736.37,620196.59,262543.14
1675;1019;639687.98,253997.61,639792.34,254061.1
1610;858;618670.49,275332.47,618693.8,275344.89
1166;373;610907.26,275107.85,612713.33,275685.6
633;797;621157.17,248934.86,621494.72,249359.86
672;634;631117.72,262319.95,631858.21,263018.56
1416;434;606918.69,253973.18,610620.02,255107.63
694;388;629235.83,260278.19,629694.76,260534.77
918;487;620359.91,252288.23,620383.95,252300.99
1769;922;622253.86,254988.89,622471.83,255102.49
1726;458;612866.51,266924.79,618607.4,268448.16
1578;717;632018.75,254908.54,632065.03,254929.57
558;1023;631390.02,253230.9,631566.58,253554.6
1175;385;602442.83,246070.65,603059.61,246272.74
591;300;599323.85,253088.58,599330.1,253091.76
1423;735;610218.7,266539.82,610441.68,266654.99
1884;817;607969.86,257176.59,609235.6,257725.49
1083;927;610418.91,274964.19,610517.07,275048.22
1607;1049;625793.6,261927.59,626205.47,262196.45
938;1015;610280.27,263370.49,611890.14,265112.51
1146;399;624154.94,263154.8,624318.68,263211.8
1368;647;620875.02,267795.74,621579.97,268129.15
1032;834;593942.04,251953.47,594298.87,252241.84
616;351;607487.56,271385.29,607782.49,271553.34
567;959;620662.03,271299.13,620696.27,271357.04
1621;572;604199.81,270299.71,607348.99,271410.96
1234;1073;627668.84,265028.26,627696.68,265052.47
1701;326;607831.97,272042.5,609764.72,272412.92
1525;509;624640.27,259606.9,624791.93,259657.53
740;798;604712.75,269626.09,604933.42,269864.05
516;445;601473.07,260862.55,601625.78,260994.25
653;593;623201.42,263294.03,623217.82,263308.92
1019;865;606984.5,255826.95,610250.11,258599.04
1499;688;626435.32,248238.98,627120.45,248553.44
1222;422;631555.49,250186.09,632514.83,250517.38
1290;686;625345.3,265064.02,625360.3,265072
961;757;625323.5,254146.91,625433.51,254233.57
979;682;630499.56,250667.89,633815.7,252978.01
1876;500;620260.04,260209.98,620545.02,260285.93
545;499;602588.5,246384.58,602654.53,246445.04
534;940;603748.31,252955.78,603800.95,253048.43
661;741;626648.18,260918.87,628399.74,262882.42
1016;987;611290.93,267927.71,612162.89,268774.78
1340;848;604049.28,258764.36,620932.21,269448.48
1880;693;612482.94,247388.86,613480.14,247756.45
1525;863;614334.84,251924.08,614360.08,251938.37
1765;307;623338.95,261047.94,626677.25,261628.6
754;568;615396.64,270842.06,615407.46,270850.21
1003;989;601603.98,260210.72,601626.81,260233.22
666;662;598451.38,247749.04,599119.94,248413.58
1678;861;598152.64,250963.75,598647.5,251217.67
1647;499;625701.6,261304.92,625741.82,261317.11
1794;879;619609.5,271232.92,620695.18,271764.87
891;326;601337.81,253599.74,601952.66,253824.7
1858;562;613499.7,251805.59,614472.84,252099.94
1341;420;601676.12,256815.47,601712.98,256827.02
773;366;614560.71,262697.48,614672.27,262750.31
1284;375;618340.17,250127.12,620747.03,250830.06
935;952;617176.23,256767.59,617201.1,256792.91
839;423;606970.19,262165.65,619758.33,268613.07
506;442;623190.35,259061.55,624345.34,260070.45
1612;938;629710.94,257966.11,629896.74,258074.22
1495;724;627167.57,246959.58,627246.98,246998.04
1762;475;619265.76,256132.9,620973.95,256593.39
1540;421;629904.58,260531.09,630209.34,260614.4
1238;907;606490.46,252918.64,606811.58,253153.9
1705;781;601209.56,253993.31,610525.26,258260.5
1770;603;629898.36,260090.19,631240.88,260547.56
921;672;622770.6,253009.43,623094.13,253245.5
1747;445;607933.88,247179.45,609880.23,247675.23
654;314;601908.14,253075.04,602514.11,253365.98
1702;757;611363.19,270214.15,616083.1,272313.43
1602;857;606416.87,254633.68,606456.33,254654.79
664;780;629814.28,248610.5,632572.17,251850.19
1116;550;602385.28,253519.97,602401.35,253527.89
829;885;620487.13,250457.49,627775.94,258238.68
1766;610;623904.21,268672.86,624183.51,268769.34
1793;742;628127.9,254429.9,630199.5,255287.19
1094;426;618172.34,273211.33,618302.11,273261.87
720;798;614660.05,271201.14,615055.24,271639.14
1672;972;623875.63,265147.16,625981.77,266371.54
1391;624;600222.86,250475.12,600376.53,250544.05
1691;401;606748.75,251791.1,607038.62,251859.84
1449;376;604837.95,246795.93,604854.38,246800.19
1439;368;602976.4,251664.41,604976.87,252176
1706;946;615244.95,268420.87,621270.38,271762.05
710;624;625707,264620.76,625720.66,264632.76
746;510;607923.41,250591.65,613889.82,254670.56
1116;1023;602481.9,259746.76,603416.32,260603.31
543;599;601017.76,254795.63,602593.66,256534.05
1753;730;626844.24,246702.22,630788.43,248344.69
1480;845;636177.08,250311.32,636691.63,250605.1
575;495;621110.34,268442.94,621304.71,268610.26
1291;463;633871.59,250376.62,634838.58,250723.42
839;964;606625.8,262597.12,614069.4,271149.71
897;466;620398.33,256965.96,621861.78,257726.24
1710;477;616223.84,270672.26,625018.86,273125.6
632;941;615746.51,261817.97,615918.76,262074.43
1240;759;616535.51,247219.17,623051.25,251207.43
693;736;633486.82,260021.39,633501.62,260037.11
1023;331;597466.29,248876.45,597520.86,248894.11
720;899;618499.95,247372.5,618507.94,247382.47
1039;846;609438.01,247276.95,609490.36,247319.58
1908;806;609432.42,259298.04,609668.73,259397.86
1910;1008;604545.36,266098.58,605548.76,266628.13
1183;915;640933.76,252818.9,641012.78,252880.02
1774;472;606703.29,272679.22,607977.87,273018.34
1106;975;616216.65,249174.23,616240.37,249195.14
929;702;608721.14,273922.05,608825.4,274000.84
811;1078;623132.47,243727.18,623200.38,243817.46
1604;367;609387.89,249563.6,614579.93,250751.55
1628;953;625701.98,254026.09,631198.92,257243.89
586;350;603227.72,250688.45,603288,250724.45
1035;921;618108.08,261604.59,620408.05,263651.22
1630;683;606466.2,264834.32,606832.47,264987.79
909;550;618585.41,251643.63,618687.75,251705.55
1008;628;622458.82,260861.95,622536.11,260910.1
1387;704;618988.12,256960,619029.09,256980.79
1274;514;614887.65,260009.87,617378.54,261014.83
1072;365;621371.95,260226.73,622261.22,260529.51
1580;787;600973.78,251590.93,601274.34,251740.64
1132;467;617076.63,249081.52,618069.56,249491.15
923;810;607325.05,259502.82,607341.47,259517.23
864;480;612639.2,258565.42,623559.21,264632.1
1624;430;612198.27,258607.96,612340.3,258645.57
1232;511;606410.99,268308.45,606507.23,268348.36
583;440;617007.71,247533.26,617030.93,247550.78
1447;917;615642.61,248916.8,615695.47,248950.3
670;874;620717.76,250729.78,620783.47,250815.51
1066;403;626136.72,262926.28,627517.47,263448.27
775;669;598829.81,259699.41,598844.41,259712.01
1203;985;626421.95,250927.14,626450.05,250950.15
1038;813;636825.5,256210.13,637156.28,256469.21
1321;607;606763.8,272938.26,607043.46,273066.76
1183;626;612631.75,271513.08,612664.42,271530.38
1741;570;623488.71,253700.78,623976.44,253860.46
1519;406;632400.6,256572.3,632471.22,256591.17
1529;413;627668.95,257732.11,627710.81,257743.41
1798;928;614883.02,254042.9,615095.25,254152.44
1416;999;630428.67,258762.94,630833.56,259048.59
1700;473;603275.34,258588.17,603388.02,258619.52
1412;839;625098.14,254479.16,628201.65,256323.25
1441;582;624964.68,262344.36,625096.64,262397.66
1755;517;616386.69,273084.6,617140.69,273306.72
884;451;600830.97,258698.28,604057.4,260344.35
1293;465;607558.45,259485.55,607573.73,259491.05
1683;784;617391.9,272669.33,620931.17,274318.04
856;941;618641.27,257076.33,618881.53,257340.44
1477;553;619476.4,275682.55,619531.32,275703.11
548;998;605958.1,257953.92,605975.85,257986.25
1780;475;628196.19,248818.29,628278.9,248840.36
926;342;617631.14,269617.25,617644.16,269622.06
1263;694;596889.79,253126.4,596973.84,253172.59
1603;730;628661.07,253073.54,629173,253306.68
616;1019;618793.4,256305.61,618854,256405.86
726;385;608843.72,258988.46,620552.79,265197.82
1408;483;611452.48,269423.98,614819.81,270579.11
1888;1053;623350.39,259412.35,623566.27,259532.75
1494;680;610507.84,255133.7,610613.32,255181.71
765;1078;603624.99,258366.15,603981.66,258868.75
1772;310;607492.17,273631.33,611282.98,274294.51
634;912;618418.46,246287.52,626953.6,258565.19
619;1028;616332.36,253754.82,616499.23,254031.96
539;944;604373.32,267872.83,604401.97,267923
1661;999;624335.61,257510.88,624572.38,257653.28
819;693;627704.97,253108.7,629728.34,254820.79
1434;748;611487.69,262852.07,612806.93,263540.21
1047;862;636939.15,251783.41,638188.17,252811.74
613;579;624653.99,243912.85,624662.14,243920.55
757;850;633542.68,251805.87,633563.77,251829.55
615;468;637850.13,256357.85,637941.31,256427.24
655;715;599618.95,247413.74,599653.68,247451.65
1311;898;609184.78,254888.37,609370.48,255015.56
1242;818;615894.08,270899.04,616098,271033.35
835;335;601218.01,252151.1,601260.82,252168.28
1417;723;623888.61,255948.62,624323.47,256170.5
1364;858;595902.18,251206.16,596011.11,251274.68
1230;625;616741.25,254129.06,617312.27,254419.22
1553;653;614340.47,248576.18,614604.99,248687.41
1098;538;603266.96,252314.76,603315.23,252338.42
1759;386;625591.1,266692.16,625985.4,266778.68
1108;395;609735.79,254797.8,610060.64,254913.61
1889;578;632472.78,249482.69,632623.55,249528.83
1440;468;615406.31,255005.17,615436.25,255014.9
555;521;618252.11,252762.5,619177.74,253631.42
537;485;609986.19,250176.25,609995.77,250184.9
979;919;610860.88,254730.46,613991.84,257669.54
1510;455;615930.52,248889.32,633805.88,254275.61
603;997;625965.6,274334,625972.41,274345.27
822;639;614646.93,247741.73,615387.79,248317.66
957;326;602409.03,256211.26,602419.42,256214.8
1694;502;627803.2,243395.02,627824.39,243401.3
965;807;627756.68,251448.41,627806.75,251490.27
1821;995;606888.41,259284.69,610670.58,261351.28
1121;757;615545.15,256619.58,618617.69,258694.43
1637;650;630609.32,261435.39,630821.32,261519.57
659;350;601928.96,258068.96,603986.4,259161.68
1382;876;637146.46,255494.05,637340.25,255616.89
1350;1038;618268.51,252946.48,618294.11,252966.16
1889;691;620449.95,256630.72,621127.49,256878.57
962;979;614751.44,273600.18,614845.57,273695.98
1365;1028;611211.78,263005.38,613778.15,264938.15
583;978;627344.13,255686.45,627401.49,255782.66
508;791;636050.97,252207.98,636379.77,252719.96
1531;507;629824.44,253777.92,630592.02,254032.11
991;854;624830.39,249712.06,624868.07,249744.53
702;893;615556.55,254343.1,615563.92,254352.48
1809;1063;612160.64,261637.05,612203.94,261662.49
1692;892;609708.5,259658.16,609738.59,259674.02
1356;1026;625610.13,261537.71,625770.11,261658.76
1167;759;623751.39,245450.35,623839.16,245507.44
823;809;612791.14,252890.03,612815.44,252913.92
592;1053;622181.73,257414.05,622206.65,257458.38
1481;443;621677.63,264099.99,624369.91,264905.31
1606;855;616704.97,260714.72,618500.79,261670.77
1840;639;613865.72,273761.87,618642.24,275420.67
591;824;629589.72,261666.33,629599.6,261680.11
1039;703;611409.25,267371.26,611603.2,267502.49
923;619;626557.75,256947,626678.45,257027.95
1497;681;636225.81,251440.61,636260.47,251456.38
1442;725;621278.4,264417.38,621309.89,264433.21
1121;909;612473.79,254601.44,612526.11,254643.86
1143;436;625874.99,253836.35,628119.91,254692.68
795;618;629009.92,250053.9,634755.66,254520.4
1744;968;619815.78,255605.93,620158.78,255796.31
1150;779;632716.36,255335.15,632880.62,255446.42
649;586;601701.39,253494.42,601794.14,253578.17
584;534;622351.5,258657.04,622717.05,258991.29
1157;473;618650.4,262761.37,619157.9,262968.84
749;661;613314.8,247253.89,614874.65,248630.48
826;942;609809.44,273435.93,609854.69,273487.54
648;663;608100.33,272147.71,609980.58,274071.48
1380;369;623640.32,256582.48,623722.61,256604.49
1362;822;627130.07,256487.22,627258.7,256564.85
978;916;598627.56,248570.38,598646.02,248587.67
1089;390;597989.18,247764.48,598820.49,248062.19
839;676;614993.7,255672.98,615449.92,256040.56
1062;578;625012.42,265181.7,625130.59,265246.02
1102;960;614203.07,261840.29,614253.59,261884.29
921;1080;612319.9,267392.76,612383.91,267467.83
1758;968;632079.42,249855.33,632141.37,249889.45
1917;660;615907,250140.05,616216.04,250246.45
1234;947;605040.68,253026.02,605059.59,253040.53
1809;789;610951.56,267630.44,610982.47,267643.92
1330;788;630096.46,248715.29,630946.33,249218.82
983;578;602119.87,250741.81,604352.84,252054.78
1654;840;628508.17,246483.94,628742.91,246603.16
1130;382;617830.87,273376.92,617892.65,273397.8
1503;648;614054.25,248876.06,614083.95,248888.87
1385;327;619278.74,274014.85,619395.89,274042.51
628;513;611013.12,258235.8,612347.72,259326.02
1869;329;604787.15,268451.8,605207.91,268525.87
1906;844;633074.79,255198.7,635384.31,256221.38
814;804;595892.09,251908.5,596182.69,252195.53
1752;944;609550.86,248955.5,621412.26,255346.58
1701;582;622686.9,253451.87,635616.03,257875.59
1197;949;611943.37,262870.01,613570.35,264159.9
1463;1028;629637.94,263952.42,629661.15,263968.73
782;554;610118.39,264333.44,610151.69,264357.04
1016;512;608657.42,272799.03,608710.74,272825.9
1366;439;614600.99,273688.55,614727.03,273729.06
1349;584;621250.11,261667.64,621303.83,261690.89
1518;340;620224.26,259513.98,620537.73,259584.19
832;924;609698.17,271749.28,610187.72,272292.97
832;827;615959.16,267165.85,616099.8,267305.63
680;1046;619088.01,274480.84,619215.78,274677.38
661;1064;625291.92,244246.11,626096.38,245541.04
1255;497;613600.23,249161.38,632539.7,256661.71
891;383;608822.1,269710.7,608836.56,269716.92
1822;785;630816.92,250169.09,631069.15,250277.77
661;317;611206,249872.05,614810.85,251600.86
872;587;604717.04,247810.95,615650.73,255171.13
1617;359;616724.2,258235.98,617803.44,258475.59
1627;1007;619890.88,273033.82,621210.04,273850.29
1709;897;607243.83,254279.7,607267.98,254292.37
776;994;622122.17,245685.68,622391.77,246031.02
1048;585;611465.79,248353.64,616528.32,251179.57
1221;860;621888.15,268021.75,621998.14,268099.22
1109;801;629771.8,248481.34,630630.04,249101.23
1532;855;631776.92,258038.3,632197.49,258273.02
980;582;607170.77,263122.63,609772.43,264667.7
588;414;606274.42,274629.34,607639.85,275590.71
1451;352;601515.02,250144.22,602081.59,250281.66
786;976;618277.26,258454.27,618302.98,258486.21
1635;837;610638.75,263116.45,610691.7,263143.56
1278;320;622574.56,267036.27,622645.36,267054
1547;891;612878.45,262647,613382.72,262937.44
1526;420;623302.06,247560.12,624306.97,247836.7
1037;834;612151.36,256659.08,615277.56,259173.3
728;873;600130.47,250055.94,600145.36,250073.78
1512;894;616664.86,253499.53,616682.1,253509.72
813;741;607439.13,246321.53,609145.51,247876.79
1475;601;592459.69,252763.7,593974.71,253381.01
1134;913;613836.95,247127.36,613848.37,247136.55
921;753;625175.98,265901.49,625364.92,266055.96
1559;370;619226.15,253002.84,625823.43,254568.58
1699;619;607954.77,254928.55,607995.39,254943.35
567;413;621006.68,274285.03,621087.66,274344.02
1611;541;617585.63,260355.04,617619.08,260366.27
541;310;638608.91,253199.34,639540.41,253733.1
1330;762;601966.02,248256.58,602121.08,248345.42
1223;444;606659.83,268295,607112.9,268459.48
980;916;626875.97,263370.61,626888.64,263382.45
1499;1049;606550.44,254594.21,620980.96,264692.68
748;982;595094.6,251611.12,595175.2,251716.94
1199;459;627939.12,263973.36,628127.79,264045.59
607;440;623882.42,261248.26,623894.56,261257.06
536;861;611958.2,247301.76,613160.47,249233.03
710;1040;611444.73,256534.38,613916.06,260154.36
1713;529;615935.18,253253.31,633071.3,258545.2
1709;679;614756.37,251880.53,628590.32,257376.87
1390;1003;613158.22,256641.1,614403.71,257539.82
885;706;614180.25,249227.34,615262.49,250090.69
1907;794;601201.88,248670.65,601232.31,248683.32
1216;1045;610372.45,265341.46,611035.81,265911.54
517;773;622199.11,252757.55,624908.92,256809.17
1787;374;604093.35,254726.3,605131.19,254943.51
1384;860;622510.94,244221.28,622547.75,244244.15
1279;675;606263.07,260861.34,606642.9,261061.8
1371;886;604612.75,269690.74,609146.38,272620.57
1286;535;611718.64,257285.47,612936.56,257792.15
1822;711;617556.33,256398.43,617751.48,256474.58
1083;350;604748.11,261754.22,604780.24,261764.61
1801;548;620358.37,260458.13,621127.06,260692.02
1898;919;602117.03,256537.28,605428.58,258140.71
1054;828;602633.39,254823.6,607701.05,258804.64
1916;609;593922.27,254882.22,594441.41,255047.23
1700;931;612322.7,265480.22,616182.44,267593.99
1705;1027;609539.51,266561.76,609596.81,266596.27
587;769;605984.8,255084.19,606072.45,255199.03
1197;744;600413.97,248427.37,619978.98,260588.08
1581;578;615564.99,247821.52,615679.92,247863.54
1383;513;623675.58,266268.6,625153.69,266816.88
815;491;623784.76,262566.73,623805.33,262579.12
961;671;614386.85,246824.52,614491.7,246897.73
1856;1009;616196.4,271896.52,616231.92,271915.84
1761;545;622674.23,271246.39,622700.89,271254.64
1257;381;612875.48,260749.69,612927.64,260765.5
1693;416;618058.8,261073.09,618881.55,261275.26
512;330;619003,269781.53,619683.5,270220.14
1757;546;605692.67,256798.93,605778.91,256825.73
1121;623;615654.84,248955.75,615718.07,248990.89
1473;540;632393.68,254076.24,632663.78,254175.26
854;536;620570.96,255430.07,624486.89,257887.84
765;400;600685.87,251620.82,600828.77,251695.54
970;696;611749.27,255419.56,615319.72,257981.45
1347;800;617997.04,269801.28,619957.85,270965.83
1481;576;613404.39,247339.18,613433.95,247350.67
1317;816;607435.67,271704.69,612128.44,274612.28
1487;300;603120.36,251015.68,604450.61,251284.05
1810;476;619449.92,254443.42,620596.18,254744.86
707;947;610799.67,247262.06,618910.53,258126.26
673;733;626730.33,243638.33,627392.54,244359.59
1639;528;621837.44,274571.34,622390.22,274749.42
1529;695;616682.81,265679.68,616710.09,265692.08
1107;902;607371.49,273718.18,607922.89,274167.47
505;529;618196.6,274677.33,618202.81,274683.83
1884;1031;609369.7,267688.72,609424.5,267718.71
1162;626;614961.49,249415.66,614980.6,249425.95
895;837;609914.03,261409.81,610173.45,261652.42
933;442;634100.66,259000.93,634129.44,259014.57
746;912;610294.59,271089.29,610318.28,271118.26
948;350;621526.88,271840.11,621547.29,271847.65
1770;1040;611874.15,263550.45,611911.74,263572.54
612;936;609528.6,269478.03,610858.9,271512.6
1036;579;610092.42,270936.54,611950.9,271975.21
588;937;609566.44,262217.62,609574.35,262230.23
1347;927;624444.69,261223.29,628998.38,264357.12
1123;572;620030.9,250182.71,625213.98,252822.71
1002;424;628765.62,251924.69,628799.6,251939.07
1587;753;635898.88,253063.61,636716.41,253451.51
1845;502;620934.75,267677.79,620961.75,267685.13
1347;869;606516.77,265656.38,606541.68,265672.44
618;617;625485.33,245172.82,625557.96,245245.33
872;316;606085.24,246973.53,607767.17,247583.04
1165;603;621637.99,257553.69,621760.54,257617.11
1597;526;609571.48,261001.57,625757.71,266332.79
865;610;618167.79,273251.43,618708.35,273632.63
880;341;614980.11,253860.75,617086.51,254676.98
1337;771;601460.37,259895.47,601692.69,260029.44
1368;547;611910.58,251133.28,613644.07,251826.43
1474;534;609482.81,248208.5,610262,248490.78
1706;314;609618.56,256641.64,611743.08,257032.67
1182;679;625357.21,244369.57,625809.67,244629.49
932;731;611304.52,246099.51,612728.16,247216.12
1794;994;608002.28,267783.1,609211.35,268453.01
916;310;620932.91,271832.19,621586.52,272053.4
1433;839;609985.69,259418.95,610057.82,259461.18
