747;854;613372,223022.93,613569.73,223248.99
1090;914;595972.24,229803.43,596340.29,230112.05
1812;638;599710.74,243219.94,609200.24,246561.17
1339;497;640484.41,242796.07,640949.39,242968.65
1378;1000;610594.88,239967.4,611611.95,240705.47
750;1051;596436.98,254719.09,603653.56,264831.93
773;807;643881.24,247882.08,645470.07,249540.79
1124;837;638485.95,247649.17,639324.35,248273.5
1337;516;601754.23,247839.2,612360.34,251932.51
1465;931;609929.95,238166.94,610774.47,238703.62
691;970;624930.13,242386.99,631348.75,251397.22
1003;599;615760.32,245622.56,615786.71,245638.32
1811;805;606837.19,251752.6,619837.97,257531.52
614;655;610820.08,223581.7,616189.68,229309.86
1731;495;622801.33,253454.47,645104.74,259832.39
1348;396;600047.52,220587.91,603489.18,221598.96
1685;753;611787.91,247089.16,632596.73,256388.29
1814;891;593164.05,225503.44,603557.9,230608.69
1193;417;624000.05,240134.69,625131.71,240530.25
1863;612;607371.45,251783.53,621494.01,256422.82
1272;1048;606402.54,229773.42,606669.8,229993.62
766;973;630353.61,238861.07,630386.4,238902.72
863;447;606964.33,260456.82,607468.1,260717.75
1831;972;627787.78,253805.05,642445.99,261586.47
1573;479;618346.12,222561.71,619036.44,222771.92
573;627;616850.3,219600.26,621650.16,224852.46
1721;901;592522.36,218923.88,595628.13,220549.85
1043;864;624487.43,238426.54,628799.83,241998.84
1244;847;604019.91,237871.06,621944.36,250075.25
1387;413;611206.25,224881.27,621187.27,227853.27
1289;1079;633593.24,239072.3,649339.85,252253.52
1068;661;596287.25,228709.78,596597.66,228901.89
1339;601;629081.5,248575.22,634103.44,250829.28
1265;724;627399.77,242845.5,643214.21,251896.61
806;810;644281.39,249112.8,644290.56,249122.01
1802;1060;617208.84,257660.11,617282.64,257703.52
556;1065;617460.04,249720.5,623285.53,260879.04
949;424;601586.38,236857.89,604988.4,238377.87
1580;629;598352.77,254021.99,606432.79,257238.65
1762;826;609292.08,229746.13,642026.85,245091.71
1201;625;639310.89,254843.23,639347.27,254862.16
692;911;612735.38,246442.81,626047.85,263968.34
1104;804;630579.32,241266.42,641555.68,249260.08
1738;461;610707.76,236094.17,610799.88,236118.61
870;691;621297.65,242641.5,622535.92,243625
1373;1046;624562.8,237397.37,624765.4,237551.72
1613;416;609703.9,245286.61,609761.72,245301.52
1369;1034;605271.54,259132.63,612213.47,264375.84
1909;315;597291.14,216012.82,598189.33,216161.03
1220;637;605095.99,257094.32,605108.74,257100.97
1243;688;602717.07,247038.31,607558.44,249718
1343;1045;624555.47,238364.59,624574.47,238379.37
746;582;638507.93,245919.18,638530.4,245936.72
511;351;595252.98,223415.21,596274.39,224116.81
785;445;632630.93,246661.61,632668.23,246682.76
1568;1018;609491.74,259630.37,615216.38,263347
1371;642;641904.26,249910.47,641948.42,249931.14
1094;983;603682.36,234770.1,603757.16,234837.31
751;935;629670.26,245493.66,629733.52,245572.42
1502;935;607239.81,248376.3,607366.2,248454.98
950;1043;605357.87,224973.11,606090.33,225777.27
790;347;602317.77,227541.72,602864.04,227781.66
1752;711;603316.74,228601.67,603647.89,228736.05
1235;972;610590.97,234011.39,611251.33,234531.13
1888;427;606476.89,260197.94,609446.85,260869.64
1546;624;598936.45,226447.8,599609.65,226719.52
1651;946;633081.52,244930.83,633804.56,245345.12
1589;339;615470.47,253510.49,616472.78,253724.32
1432;824;612488.49,222301.41,613545.42,222909.59
1358;521;624827.27,239585.58,629733.15,241467.73
1453;612;610558.5,237828.93,611571.29,238255.51
939;743;606903.95,225329.08,614111.24,231031.97
793;515;625112.2,238296.05,625437.59,238507.37
909;618;618002.11,257528.36,619590.17,258608.03
883;1024;627808.26,224371.1,644483.05,243708.56
665;1042;610470.76,250222.07,610543.11,250335.45
695;402;623127.92,237830.38,624348.45,238536.36
807;381;616073.64,242051.48,618570.78,243230.42
733;412;607588.57,250180.38,607606.37,250190.39
539;394;623765.45,243214.93,625338.14,244364.54
1254;897;597926.03,254472.97,598088.88,254589.46
1206;1037;633039.56,245829.36,648901.37,259468.41
1318;431;611488.98,255397.79,622664.9,259052.43
1310;597;621626.89,229650.14,638605.64,237387.79
1116;598;620808.46,237635.18,625045.28,239905.45
1458;556;613522.03,230332.95,630823.68,236930.83
1449;475;605997.62,259579.1,606025.57,259588.26
1714;578;614431.95,217521.68,630230.52,222849.31
1508;317;604574.86,220158.79,604811.85,220208.61
655;658;614142.52,254775.92,614909.35,255546.26
1579;316;601990.98,257714.36,626813.32,262681.97
1733;498;608748.68,227166.38,608816.38,227185.83
1197;768;611068.74,226396.45,626715.82,236435.68
1317;728;618917.5,229662.73,631762.05,236762.83
765;618;619173.64,257048.85,619181.78,257055.43
1232;629;634644.66,241538,638521.13,243517.14
601;790;600911.89,245152.36,602697.06,247498.92
514;915;618040.71,255057.17,619780.76,258154.73
1092;610;610151.59,255433.44,617154.04,259345.06
1139;543;607632.86,250830.52,607650.3,250838.83
988;404;599556.83,227117.06,600444.74,227480.13
1501;676;610395.22,232027.61,612057.03,232776.03
1594;433;634517.06,249788.57,648869.43,253687.3
576;791;604471.05,232052.54,604534.73,232139.99
575;924;632104.19,249459.03,632563.4,250196.96
583;998;599683.97,254258.29,599768.12,254402.35
1401;399;614115.65,243919.89,624731.08,246943.13
678;349;591036.78,244957.43,601560.28,250374.4
623;1048;630465.65,243956.23,630615.61,244208.5
1030;647;639471.17,251110.63,639520.91,251141.87
1373;468;610562.47,246898.25,610600.82,246911.32
1602;955;639815.01,247713.91,645348.21,251012.42
891;761;604461.24,257853.12,613047.17,265186.33
844;348;627468.25,239580.45,627872,239746.93
1352;834;603284,257260.87,603305.56,257274.17
1306;776;609697.61,239203.71,609854.4,239296.87
1592;482;625264.75,241797.92,630290.58,243319.56
1601;686;613746.48,233537.96,625538.88,238590.8
745;728;590969.07,229169.41,596887.77,234953.05
1178;946;597315.89,213435.86,609888.95,223532.73
728;369;618204.17,243211.14,618249.07,243233.89
1821;421;605297.48,228078.4,616304.37,230623.11
1187;382;599353.07,227792.32,599711.06,227907.53
871;881;619496.91,246153.38,624389.71,251102.36
1159;670;629917.12,244837.18,629962.44,244863.38
597;726;591698.99,216102.75,600286.14,226545.42
1743;669;636854.11,246094.91,638945.97,246897.8
1081;527;594894.97,219563.34,599591.89,221853.13
558;1031;640166.81,251706.48,640184.02,251738.27
1781;888;622778.29,236915.09,622934.03,236992.74
1914;660;605589.9,257589.51,615817.06,261116.12
1180;658;623441.8,235029.86,623539.3,235084.23
1890;909;641151.15,253220.97,648297.47,256658.01
560;701;636918.25,236621.09,641103.54,241860.17
1810;384;596859.5,224634.46,597167.77,224699.86
1304;524;613051.26,237078.65,613206.86,237141.18
1231;1055;605454.62,227400.03,607258.27,228945.8
1548;626;616888.65,220202.32,622660.06,222536.24
1711;691;611400.67,219782.17,632689.69,228379.89
658;343;603771.66,260017.1,608428.72,262444.72
718;1019;597147.09,256210.11,601270.7,262062.42
984;641;595951.3,254356.79,597971.96,255673.09
1099;665;599546.88,258974.39,602091.65,260514.22
1117;372;606390.49,258154.28,608054.3,258708.38
840;325;593060.25,243064.68,605658.93,247939.17
1608;800;592142.72,259073.6,602136.89,264045.83
1090;400;604778.81,230308.7,604958.85,230374.78
1598;920;598304.58,230349.27,598328.55,230363.07
782;442;593210.12,246599.89,602982.37,252123.34
509;975;597709.43,245494.76,602455.41,254585.78
949;378;614879.17,240280.03,614953.13,240309.49
619;372;639720.49,246839.54,639952.99,246979.27
1446;867;604079.22,233007.52,604480.91,233248.36
1787;614;611234.62,234344.59,618455.3,236825.56
1858;482;605114.76,222046.92,605226.28,222075.86
1909;1013;614141.95,227199.19,626239.68,233618.78
963;589;601030.95,221655.83,601059.69,221673.41
1256;539;614353.2,253160.73,614865.22,253380.46
1507;768;599422.49,225459.59,600263.94,225888.41
1753;401;607716.14,250996.89,608093.49,251083.21
1667;727;597885.41,230629.67,597918.2,230643.97
1828;666;604122.22,225632.7,604740.64,225858.01
1196;815;609667.68,256460.78,618257.13,262313.96
509;826;642328.8,238368.77,647916.03,247435.66
699;783;604206.83,258896.17,606052.09,260963.18
1297;526;619967.26,230662.03,633501.43,236150.83
1707;537;607908.84,253454.41,622235.35,257961.35
1208;425;615744.48,253090.26,623058.67,255663.55
1049;476;608340.1,236648.01,610017.98,237409.38
1444;817;637258.85,248495.18,637889.71,248852.11
505;379;604191.16,241578.23,614253.33,249129.84
818;884;608620.59,247158.76,608909.95,247471.46
513;511;591969.99,216145.31,599999.59,224143.6
1141;325;611864.31,252103.63,613184.26,252479.6
1368;713;612077.48,246229.01,612110.31,246246.11
867;637;638388.53,249186.31,638922.4,249578.55
1355;658;602728.4,219535.24,603058.64,219695.61
1822;841;606515.76,222561.85,619920.42,228749.18
1292;665;606671.29,228989.32,607400.61,229364.7
1566;836;611469.44,211524.8,640071.39,226793.79
552;568;615489.42,236473.52,616899.87,237924.85
1838;469;636343.92,244955.05,644494.25,247034.76
662;647;611571.92,240340.63,611878.97,240640.73
775;530;602204.57,258935.3,602221.02,258946.55
1234;646;619460.89,247462.92,641808.7,259162.01
1161;777;630469.58,242424.52,630685.81,242569.23
1106;557;640509.24,247710.99,640583.03,247748.16
874;470;633714.52,247122.99,634322.53,247449.95
1175;562;606920.77,258621.63,607161.56,258736.79
994;932;608709.52,237129.6,608893.99,237302.57
1640;1007;608878.53,239313.72,640990.69,259031.37
798;959;614054.13,216207.09,623452.15,227501.2
910;1012;602906.61,214370.36,607621.47,219613.7
1314;608;616496.02,225635.56,629730.11,231759.09
925;415;605498.42,260541.98,605890.28,260717.79
794;356;603089.88,219680.31,606419.5,221173.19
972;595;611834.4,250459.05,615453.26,252674.3
570;338;604603.03,220782.59,610833.69,224477.27
1768;544;630975.01,242671.42,637011.49,244528.79
1769;693;610695.32,251565.68,611115.71,251730.36
1138;429;593935.87,227548.56,594100.97,227610.8
1115;588;609598.79,251361.8,610214.58,251686.54
701;832;605388.23,237645.07,605797.28,238130.56
1774;862;615578.13,241210.06,615809.66,241322.57
921;456;612979.93,223061.56,613359.38,223249.43
923;617;611028.34,253090.55,612752.38,254243.02
1587;722;604633.97,247062.55,610879.44,249903.91
901;671;608879.74,233792.32,615789,238937.84
1252;863;607503.41,257263.43,617310.69,264023.57
527;550;630817.91,242171.94,632438.51,243863.27
710;1041;599326.51,227938.93,599692.2,228475.11
1123;763;613357.6,254713.22,614736.06,255649.79
1005;597;596602.2,216068.81,597217.13,216434.1
1698;602;620049.99,241364.93,620238.89,241431.91
1037;841;602181.79,214677.74,602726.52,215119.51
537;700;594926.18,229656.56,595139.66,229934.84
1426;456;606328.85,232278.76,606667.52,232387.06
1568;855;622786.55,239717.63,622819.82,239735.77
1437;365;597962.06,224730.39,600592.59,225398.55
1108;475;622676.22,240870.74,622757.44,240905.56
1048;789;627720.47,242363.45,627741.74,242379.47
790;911;599522.98,231350.58,599538.96,231369.01
1760;702;601107.32,232402.95,601266.27,232466.35
638;997;614495.71,233781.73,621091.38,244088.76
1774;1001;602329.95,235820.9,603325.5,236382.65
1437;404;600539.93,214919.56,604008.13,215894.61
1504;382;629781.38,242299.62,646568.79,246563.45
527;1024;606165.62,259270.9,606177.01,259293.05
1445;636;627561.55,238217.19,627610.55,238238.76
988;582;619064.79,237743.32,619242.24,237847.85
753;768;641077.69,246371.62,645685.51,251071.23
933;388;611083.01,224271.9,611097.01,224277.72
947;943;602802.71,228252.04,603020.46,228468.87
961;886;627298.09,241762.65,641831.21,255161.56
1173;983;601368.9,228292.05,601416.97,228332.33
1712;322;603321.04,240641.51,613820.36,242616.26
924;729;637256.57,247296.42,638418.97,248213.51
1275;819;594777.45,243830.78,611411.05,254515.42
1905;434;612563.51,257238.89,626833.28,260489.85
845;516;626563.58,252349.68,638741.99,259786.44
610;456;612716.1,259426.48,614530.39,260782.74
1412;445;616209.54,245835.9,618210.07,246466.38
1272;649;610699,239805.13,612130.52,240535.52
1810;916;624682.61,237501.49,624714.92,237517.84
935;973;605553.87,248595.8,605716.96,248765.52
775;963;609122.07,236347.8,622538.3,253018.54
1231;478;609959.76,228207.87,614078.52,229807.19
562;986;638855.05,255209.39,639255.62,255912.17
1168;645;605006.67,248415.86,605154.98,248497.76
1175;328;606295.55,243697.51,615745.35,246335.41
784;908;615269.27,220943.37,625723.57,233051.15
1701;945;603343.54,256767.42,604190.4,257237.9
1870;808;610256.94,231151.75,610342.09,231188.55
741;346;610508.77,226947.07,612525.39,227888.71
614;319;599278.06,253534.3,599286.34,253538.6
630;515;623114.89,235252.52,628791.48,239892.91
1239;823;593265.32,229883.58,613955.91,243627.21
1330;465;631498.33,241763.38,637669.46,243920.96
985;459;603111.37,248574.76,603147.94,248591.8
1763;302;606259.19,249148.35,608206.98,249482.01
739;801;638963.96,249485.63,640624.34,251285.31
1452;768;611509.2,234525.29,616324.05,237071.99
1590;473;612402.73,253366.2,612450.77,253380.5
1163;578;613419.06,244176.81,613544.56,244239.19
1787;347;610157.31,235441.17,610236.38,235456.52
1190;834;599096.43,210541.65,606405.94,215664.45
681;885;614471.24,230845.2,614935.39,231448.38
1812;1014;597609.92,216288.7,615705.39,226414.98
1320;715;607043.56,245752.96,607203.48,245839.59
803;1016;623708.61,229802,628819.68,236268.81
650;476;628896.79,245498.81,628940.31,245530.68
1036;334;627520.14,243503.35,635213.9,245983.77
768;498;624584.22,240573.97,624613.38,240592.88
1821;776;614165.51,237937.42,614191.6,237948.54
937;463;637350.78,243328.01,638704.21,243996.78
586;610;612450.02,256395.94,621365.99,265677.07
1260;795;628648.84,245276.69,628828.47,245390.03
592;884;610820.07,215303.26,617024.68,224568.24
1492;753;617599.56,237352.82,619853.68,238490.46
1423;973;606641.65,254277.96,616844.09,261254.05
1010;474;601503.11,255884.2,616516.89,262930.27
927;657;602617.61,232392.44,602756.24,232490.69
923;303;615481.63,245822.23,615498.99,245827.93
1749;858;603937.18,231842.73,604114.37,231929.65
1744;615;619001.61,257211.29,619230.26,257291.92
1401;732;637701.04,250529.14,637997.88,250684.24
1147;649;614975.15,247045.61,614989.2,247053.56
853;808;595061.07,219132.62,600144.82,223948.18
988;540;639606.23,242630.88,639812.85,242743.81
996;954;599289.34,252207.08,599354.01,252269.03
1404;600;604493.42,258820.02,605729.61,259348.3
1557;636;632407.3,243208.94,632550.54,243267.46
1516;848;597702.79,237239.71,608402.55,243224.79
1810;865;594765.9,231069.76,608319.1,237546.85
1232;433;599420.51,255948.54,611091.7,260050.5
1609;769;618180.27,237037.4,636138.95,245620.51
1638;874;592928.52,249180.25,598585.42,252198.64
644;347;638702.38,244780.7,639656.28,245294.67
1502;763;608640.67,250362.98,608662.76,250374.2
1692;860;596244.52,255494.81,610636.56,262809.91
897;563;601792.49,258758.41,602294.41,259073.44
935;743;644019.19,242265.56,649819.51,246874.79
690;761;633981.91,247663.81,641658.43,256130.24
1819;314;619732.47,238156.93,633201.11,240481.91
1259;893;594179.64,213223.66,601553.5,218453.89
506;893;616892.27,225190.38,616906.79,225216.01
926;418;629160.76,237113.93,630899.55,237898.83
724;539;639586.01,248077.82,643405.33,250921.21
1273;815;644298.25,248056.95,645758.46,248991.8
1541;951;619395.08,244508.88,619427.16,244528.67
1356;1016;601118.3,221964.22,601409.74,222182.59
1570;751;592938.18,210569.3,624206.65,225526.38
1001;666;627102.44,242474.69,627392.04,242667.37
1447;351;608133.24,249356.87,627403.76,254031.33
1475;316;633382.75,240111.65,635565.85,240579.35
1919;514;602037.38,220409.44,625514.6,226697.77
1694;591;594939.4,233873.37,615112.51,240911.33
1130;687;613334.94,226924.2,629069.4,236490.2
1333;353;630505.65,237694.12,630610.72,237721.95
1715;433;608215.39,235938.7,608320.76,235965.3
817;417;600022.13,225549.96,600314.64,225699.26
1326;555;611069.85,229489.53,611469.39,229656.76
1736;320;609019.83,243769.73,627025.98,247088.84
1061;901;603080.46,222617.45,603100.09,222634.12
1483;618;601326.79,231234.83,601952.52,231495.59
1235;534;598654.43,251934.69,604054.45,254269.6
660;617;599243.55,253892.78,601986,256456.55
1498;373;611504.75,226571.72,612761.2,226884.57
930;827;594383.42,229551.09,594411.85,229576.38
1154;1063;612613.92,234174.34,630504.53,250654.16
872;1065;640079.2,244779.04,643587.42,249063.73
1131;595;602103.09,230288.27,602138.18,230306.73
1576;857;594159.39,222724.68,602774.21,227409.26
1790;513;638412.18,256880.6,643286.3,258277.49
1628;581;606470.58,248709.3,606492.88,248717.26
1525;920;614909.04,255118.31,615066.6,255213.36
1448;521;593254.94,226067.35,601296.46,228960.74
930;741;620578.16,234702.65,626565.55,239473.25
670;1044;602796.57,219968.1,607971.5,228031.73
752;567;608981.17,235167.65,609004.91,235185.55
1432;995;596996.21,218010.38,599176.34,219525.2
997;930;609481.44,259091.59,612972.69,262348.22
629;924;596286.07,226634.54,596375.92,226766.53
685;945;631853.32,238828.49,632485.27,239700.3
579;505;638352.42,250039.33,638881.77,250501.03
1091;561;593001.45,229577.34,595606.94,230917.1
1872;510;619547.99,232089.71,630618.13,235105.61
758;463;604805.81,240623.7,617904.38,248624.54
1347;895;611043.42,250269.55,611057.85,250279.13
1181;325;608906.51,231096.22,622904.87,234948.43
522;391;596567.36,228737.04,596574.35,228742.27
671;882;613168.76,238939.61,613275.59,239080.03
936;1031;604758.46,226893.88,608225.7,230713.03
962;915;594482.32,252956.89,599198.29,257442.45
1075;1060;630248.15,235595.29,631924.4,237248.15
845;510;629394.8,243179.53,645266.49,252758.9
1224;803;595602.51,233117.71,603332.67,238189.05
1147;869;628252.95,239986.88,628925.88,240496.71
1550;602;601647.74,229451.32,601679.12,229463.51
819;429;601020.58,247905.01,613727.35,254560.94
1510;663;623684.54,237573.33,623740.19,237597.76
895;627;609844.83,228731.08,609988.66,228831.85
1559;708;608267.36,223606.27,610673.79,224699.12
716;650;606468.65,222908.15,607068.54,223452.74
1478;829;607384.52,229652.44,607400.68,229661.5
806;573;610676.74,221685.5,611403.24,222201.97
1091;855;638878.96,252548.37,643004.17,255781.23
1430;437;626227.52,254936.49,645761.48,260905.95
1892;520;596976.28,251767.95,597329.04,251864.91
1482;554;632826.46,241946.8,632963.79,241998.14
1635;366;640333.89,246829.46,642459.58,247305.3
1354;974;625995.73,241638.5,649229.26,258351.55
1274;1000;602853.47,245732.78,604650.85,247143.6
1745;695;610183.21,251305.89,610242.91,251329.67
1812;582;634902.8,249701.49,635520.13,249899.77
1016;821;643214.47,245031.68,644122.54,245765.46
1035;397;640370.95,250649.11,640541.36,250714.47
1311;347;621598.72,240753.76,624597.02,241547.36
906;1039;608417.71,225308.23,608436.01,225329.21
1304;773;628771.91,228072.79,643326.85,236700.83
1559;759;623871.73,240147.32,623905.47,240163.75
1655;844;595969.68,220258.6,604136.89,224423.63
1086;1079;634930.59,249734.87,634955.92,249760.03
736;527;600005.87,233146.08,604725.66,236525.6
687;726;639158.16,238007.71,644268.29,243407.94
1197;384;610194.12,252156.37,611903.82,252704.84
1669;1053;605414.96,251018.47,607389.52,252264.25
1737;843;610781.99,253988.79,613345.23,255232.79
773;306;603042.25,255991.12,603778.44,256282.55
1237;1053;590790.8,232482.79,607825.86,246983.94
653;407;611149.47,227108.03,611207.52,227144.22
617;985;609377.1,239310.95,609820.32,240018.52
594;342;595144.92,242318.95,605665.42,248376.2
1351;783;605560.62,221434.73,605633.21,221476.8
704;327;609715.18,251136.63,609819.77,251185.21
1409;885;613217.98,245231.6,613333.35,245304.07
1807;517;637933,249642.38,638027.44,249669.4
1059;1004;601136.75,245383.86,619498.05,262791.55
1114;481;603609.07,232477.27,605053.89,233101.11
1442;907;628451.96,245656.34,628572.11,245731.91
1081;320;610500.45,226549.09,611255.57,226772.62
1203;737;614424.24,241689.18,614456.13,241708.72
1196;640;634572.49,250156.11,634633,250188.5
1854;881;614270.6,229036.73,614666.77,229224.99
616;800;642449.72,248599.81,642509.41,248677.34
1447;793;602751.64,221100.02,603328.15,221415.96
1541;981;625484.02,238867.3,625554.29,238912.03
1899;494;616889.67,251447.85,616915.45,251454.55
1082;744;626728.78,244352.67,631176.67,247411.11
1892;486;629408.15,238181.04,630443.58,238447.01
819;377;629393.02,238865.43,634153.6,241056.81
801;626;615684.83,227280.43,615713.66,227302.96
968;509;603757.04,224048.92,609931.22,227295.48
515;828;627173.34,245734.03,628311.23,247563.49
1561;508;611966.61,249961.32,613080.83,250323.92
898;655;612645.52,255566.9,614313.31,256783.38
706;579;625600.79,245064.33,629772.2,248485.37
959;422;612218.1,231294.61,613956.75,232059.69
1344;574;600925.08,251284.88,614057.59,256893.56
531;353;629670.79,243829.19,629754.41,243884.78
1380;1070;630688.36,243280.9,631549.7,243948.75
1788;991;594801.36,248307.1,601399.91,251964.35
1218;804;639354.19,240751.98,642605.2,242897.97
1306;462;609617.36,229270.8,615735.47,231435.09
1781;806;641636.45,244597.55,643221.28,245314.77
1467;417;616925.97,260028.49,616941.48,260032.9
1874;483;610877.35,246190.75,610962.74,246212.76
1452;473;630487.06,245471.37,630554.42,245493.31
988;437;617805.85,238337.14,618121.15,238476.6
1710;909;612690.09,236967.43,632965.17,247745.23
1742;315;638592.56,251565.46,638621.12,251570.63
1449;670;593835.67,233160.36,599890.89,235960.22
1811;949;596935.59,223981.98,596971.96,224001.03
787;546;597951.94,256244.22,610362.75,264854.51
1223;318;630465.44,248026.55,646877.3,252293.9
927;559;605350.15,219771.7,605572.84,219905.98
1187;930;626295.06,240731.24,626473.21,240870.82
1828;792;603260.84,218362.79,613730.52,222898.88
1092;402;601175.15,257804.67,604806.41,259141.45
1388;663;602208.38,245865.84,605441.37,247410.13
1002;909;629904.5,245990.46,629928.09,246011.86
1545;421;611249.71,239254.19,611366.43,239285.99
1238;996;603032.51,253540.56,612074.09,260814.73
1742;396;610054.3,253838.68,610107.93,253850.87
1531;922;628265.48,236762.31,629011.3,237211.46
792;340;626880.06,232882.92,631882.32,235030.35
1281;1019;613127.13,223538.2,613531.83,223860.13
898;996;607285.08,222651.77,608104.78,223560.93
1451;310;601084.66,249685.72,607403.95,251035.8
634;793;639573.96,251443.69,639681.04,251577.62
1045;945;630643.93,241674.94,631228.51,242203.59
936;732;626034.81,236193.24,644731.1,250814.7
1413;928;629631.38,223228.86,647944.87,235256.4
1835;775;591555.73,246558.37,601883.02,250920.04
1334;778;616003.72,229264.4,629355.65,237051.36
1071;884;601384.11,223651.9,603466.5,225370.7
1569;950;623778.38,233306.96,625741.09,234495.34
867;719;609503.58,246658.01,609515.39,246667.8
1112;513;638511.78,249055.71,638549.01,249072.88
1351;487;593223.52,228947.17,599778.28,231309.99
1785;1072;634425.94,248087.02,634569.63,248173.31
913;722;614466.75,258107.84,619355.82,261974.12
682;887;603566.27,227749.04,603592.51,227783.16
1830;594;624901.06,254042.64,649837.33,262136.71
1874;451;633555.49,240905.84,633717.64,240944.86
550;374;596083.3,225667.85,596101.39,225680.15
1586;1056;611857.23,223417.7,611892.66,223441.29
1491;981;642236.5,247580.12,642286.49,247613.01
1139;536;635082,248129.75,636894.82,248982.84
1415;924;638620.36,254969.19,638643.25,254984.13
609;532;599352.28,254190.56,599742.2,254531.18
1401;347;611632.23,229365.01,611812.96,229409.77
1648;1005;608714.77,246724.91,626531.85,257590.31
795;454;608887.48,231512.06,620820.01,238326.36
1592;1065;604438.54,247651.77,604914.83,247970.39
745;756;602139.28,232119.18,607054.4,237106.88
976;699;616319.37,252857.37,616574.39,253040.01
1037;993;600937.5,221404.95,602463.68,222866.37
1587;516;614209.63,224473.57,642171.31,233565.08
1422;484;615041.57,233074.99,631718.56,238751.27
1132;708;601418.7,231490.65,602740.79,232317.54
1665;526;638733.27,244802.5,639082.22,244912.74
1227;1002;612725.18,226519.6,612785.21,226568.62
682;659;600435.81,223634.79,605195.87,228234.32
1440;366;637044.05,243605.4,637392.55,243693.98
1068;980;613893.11,257354.3,614208.87,257644.05
520;717;611432.95,251628.13,611730.63,252038.59
1780;858;594982.66,214030.92,605661.28,219178.26
763;974;636215.29,246760.95,636816.01,247527.8
1238;983;602839.78,244213.03,614026.22,253095.32
1692;310;609006.66,250018.72,609068.24,250030.01
818;950;598458.83,251986.83,598633.7,252189.92
667;811;590217.02,251202.61,596066.47,258314.91
1579;919;603017.57,232782.57,604379.57,233575.28
1434;481;621344.42,237724.27,639787.25,243910.46
1125;691;594792.05,216088.74,609135.39,224898.74
1537;481;609395.32,253370.1,630175.71,259873.27
695;899;611460.01,244148.55,611975.24,244815
642;345;607288.9,235913.46,614815.21,239957.97
1273;944;620314.78,243255.17,620661.03,243511.93
507;1047;609315.93,235423.51,609332.96,235458.69
1650;339;600528.88,223857.28,609105.35,225619.35
566;449;595730.06,219166.18,596160.07,219507.3
1302;918;608582.09,255306.4,615928.05,260485.81
573;833;612108.17,252556.91,612292.39,252824.72
845;339;620873.8,243840.04,620886.49,243845.13
1042;800;613960.38,247308.06,613993.99,247333.87
588;735;626826.62,243523.58,627490.38,244353.28
1109;713;614235.67,260252.53,616823.21,261916.11
1013;384;600491.91,256223.51,602383.08,256940.4
715;1048;619630.12,245159.49,619721.01,245292.71
1732;661;616533.29,241103.93,616605.72,241131.57
824;1015;593940.21,228110.02,593966.78,228142.74
756;585;615809.32,251244.66,617890.42,252855.04
1391;977;639841.97,252974.29,639863.75,252989.58
1309;427;605882.47,245097.88,626737.1,251900.73
1036;1064;604502.87,224095.57,605587.97,225209.99
1368;447;617010.31,219831.2,632410.95,224863.42
1380;536;626101.47,235451.03,629048.8,236595.79
1368;1077;605865.41,237242.2,611964.77,242044.11
707;983;622324.36,236769.13,622347.36,236801.1
1843;442;606493.19,247895.23,607550.53,248148.81
1757;474;613754.51,221378.05,622594.59,223762.91
587;854;605984.8,247122.44,607014.35,248620.28
1102;892;632261.1,241237.57,647380.45,253475.74
1352;996;626718.03,228379.42,642151.6,239749.12
1803;570;596613.59,229034.06,600570.43,230284.97
766;394;607411.16,250040.01,607419.14,250044.12
827;748;621612.92,237918.77,621701.66,237999.03
1389;435;607366.6,243116.76,615773.12,245749.47
951;1053;590659.17,216894.09,599067.85,226204.65
655;734;595247.02,251667.75,595910.93,252411.74
1264;794;611684,249128.92,612538.76,249665.85
574;615;615199.19,233164.11,623892.69,242478.57
1855;428;632873.24,249280.3,632893.49,249284.98
1799;499;620238.76,242626.84,620264.77,242634.06
1684;937;622483.98,237818.96,639192.54,247115.83
1475;1070;610892.63,237441.82,610964.1,237493.67
1345;556;594612.33,210379.05,617277.44,219748.42
1652;430;596030.94,237823.9,619899.52,244036.67
1510;380;603277.46,246428.54,618409.93,250236.71
877;346;630078.19,235919.82,630130.42,235940.42
1241;367;631072.34,249312.59,641654.32,252441.98
788;563;594865.24,229653.82,594945.97,229711.5
739;820;601828.45,219425.09,601851.12,219450.25
1011;344;600486.31,233065.23,605930.64,234917.7
988;526;623207.17,236730.07,623217.68,236735.67
1207;471;595925.86,218059.71,596049.92,218108.12
657;636;602477.4,228746.45,602501.79,228770.06
768;616;598467.75,225402.99,598483.43,225415.57
1720;1031;643085.5,247385.33,643103.62,247396.19
1835;449;633233.36,255424.41,649719.22,259458.28
1096;1067;603605.67,249745.74,618680.59,264421.78
677;787;623273.61,237155.83,628376.07,243087.34
985;489;598143.52,217688.77,598161.73,217697.81
1454;630;607669.6,233777.96,607817.07,233841.85
1334;616;598652.32,219717.9,614022.48,226815.37
956;800;615535,237496.33,617156.45,238853.18
1323;580;640364.87,241910.79,641450.1,242386.56
1086;306;608923.56,252408.91,624309.09,256744.06
1613;925;616741.85,241029.08,616804.86,241065.21
1091;846;605107.04,244440.27,608945.07,247416.41
1044;899;632433.81,245367.46,632650.11,245553.71
1455;506;623091.89,239697.38,634483.19,243658.89
736;433;621307.57,237129.2,621404.42,237186.18
1078;1060;598750.17,253658.77,600681.11,255557.47
1449;543;598507.66,217770.59,599065.84,217979.77
843;594;607140.32,247344.16,607158.92,247357.26
729;491;599060.63,231300.94,608646.33,237757.15
1588;1050;626359.53,232016.49,629501.96,234094.29
1526;316;626528.22,251030.44,639219.53,253658.53
1518;1039;640109.41,251680.72,640185.61,251732.87
583;946;641684.85,247200.68,641718.93,247255.97
1692;1000;609182.47,251148.13,615767.62,255040.07
1128;959;635287.81,240717.86,637653.8,242729.38
1907;760;629495.82,236502.82,637662.66,239757.57
1776;528;602888.76,246943.44,607972.6,248454.85
782;802;620602.06,243167.43,620621.7,243187.58
1444;436;596948.08,229826.01,597503.63,229993.75
1006;311;633438.23,251361.46,640121.92,253427.69
838;958;608670.65,227941.69,610572.28,230115.63
758;547;602419.89,230629.49,606628.38,233666.48
1861;460;615082.78,239479.47,615103.58,239484.61
708;622;604478.13,247099.73,607620.47,249860.38
867;944;614963.13,253520.28,615382.78,253977.2
1406;701;590425.72,213802.53,597320.2,217239.96
1916;582;612744.39,243638.07,613016.55,243720.74
674;784;606316.71,247715.2,606383.71,247793.13
1867;313;638936.42,243700.01,642000.69,244213.73
591;847;601558.24,253904.18,609367.27,265095.81
1644;368;614248.36,242326.65,644885.69,249184.64
737;410;601011.42,216694.73,602297.33,217410.1
1375;943;627241.6,239359.42,640380.89,248370.59
622;326;609742.22,231935.49,609901.39,232018.91
1677;794;608259.75,236725.86,608360.82,236773.71
915;998;598038.64,228716.46,598756.86,229499.84
584;412;644589.6,248001.22,644934.14,248244.28
706;787;636808.56,252238.78,639429.8,255160.76
652;568;611238.79,226754.82,611675.77,227135.51
988;891;637256.78,245898.26,638394.87,246924.61
1858;300;600458.29,233919.9,608396.35,235201.61
689;781;613706.44,253210.39,613950.1,253486.59
1289;982;595656.45,218805.94,595933.22,219016.78
572;729;607563.8,242184.84,615084.76,251770.13
553;933;608917.56,224568.23,609029.24,224756.65
1291;1036;635296.55,248232.3,635555.12,248439.8
1059;369;632123.32,246217.23,637463.99,248078.14
1838;824;613986.05,234047.15,622335.56,237790.35
695;1068;609007.48,228299.98,609727.03,229405.71
1542;886;618653.43,238798.51,620262.07,239722.8
722;583;599780.55,217285.66,599932.97,217408.74
589;924;629050.53,237987.82,629704.56,239013.84
1016;884;622595.64,235306.96,622714.6,235410.47
1623;346;609541.53,253506.9,628944.68,257643.37
598;1069;613730.06,252658.19,620000.06,263866.59
1368;595;638453.01,250375.97,644115.7,252838.91
1038;420;637644.62,244991.34,638458.02,245320.46
1729;469;611903.25,227417.45,611924.12,227423.11
887;356;611429.91,251966.06,611638.86,252049.92
1125;1041;598116.19,232715.78,618119.25,251225.28
619;934;596190.25,228446.06,596553.89,228994.75
906;993;606623.12,214472.39,614739.45,223368.1
663;1055;606568.42,239218.64,619692.4,260102.19
649;1042;610842.66,227947.27,610882.69,228011.55
1191;792;597273.42,216504.7,600472.09,218631.78
1228;449;615905.72,227386.5,616836.68,227726.89
577;529;596370.93,217618.8,596570.26,217801.54
915;360;618639.37,257989.29,619376.3,258279.23
1686;694;598457.45,240941.27,630001.73,253925.69
553;499;610980.65,247596.65,619443.4,255233.03
1313;1029;610875.05,254654.73,613571.19,256767.7
1842;504;617548.01,241365.11,617631.16,241387.86
886;326;606830.05,245084.63,608391.2,245659.05
1279;446;629142.6,231873.53,641239,236091.66
1745;355;613435.03,258987.52,613588.52,259018.75
848;745;602936.37,223273.99,605658.9,225665.84
1711;824;620626.88,239759.84,620993.19,239936.26
1141;394;617069.36,222334.61,626911.11,225733.08
658;1070;599295.53,220472.81,599302.88,220484.77
1296;380;602667.95,250048.27,606738.56,251241.81
1012;509;612406.81,230783.11,617539.74,233364.8
1718;774;607608.4,234999.24,617687.05,239539.92
879;913;629433.93,236798.2,629531.03,236899.06
1722;752;615821.38,233429.55,626318.04,238013.46
1919;915;616778.04,239459.64,619186.61,240608.08
1745;302;625201.57,254437.07,646383.37,258102.92
596;390;612917.98,253447.46,614151.27,254254.48
1713;713;595542.13,229262.55,595580.85,229278.67
848;1036;603222.9,248399.02,603728.57,249016.79
1777;732;614327.26,258581.46,614489.81,258648.41
1057;477;604771.84,246485.68,607901.1,247897.84
1635;811;613225.55,226028.59,614018.55,226421.94
1779;347;600620.88,256982.88,606888.63,258205.43
1075;1009;601497.62,231658.52,601606.36,231760.58
1341;1054;599073.56,224744.93,601543.75,226686.46
1586;835;612477.31,258041.69,612957.57,258294.54
968;839;633310.26,249770.98,634002.89,250371.31
1123;1069;614248.92,237684.73,619056.74,242261.36
1789;621;600629.4,245496.08,608095.19,248087.61
1543;334;610440.9,229376.47,610733.7,229439.85
786;1068;611759.59,232447.14,613212.03,234420.69
537;736;592980.14,214187.15,596299.47,218736.55
974;362;594388.58,211576.4,609505.48,217194.79
965;529;599169.23,247244.47,615089.46,255971.72
1910;363;632058.84,240051.12,633262.04,240279.79
1377;760;604707.42,256207.35,608535.82,258320.34
1286;983;609855.67,227964.88,614702.21,231669.51
1205;980;602645.1,220756.16,610692.2,227300.69
616;875;601102.59,256418.56,601159.09,256498.81
1337;333;631624.72,241295.61,635610.44,242288.31
1811;989;638822.35,246151.31,640463.59,247047.6
817;854;637108.27,244746.9,637257.83,244903.24
1588;332;625066.78,244284.89,641775.5,247778.15
872;663;609996.66,233437.14,610068.62,233491.85
589;604;612581.08,246106.61,612996.16,246532.26
534;452;615937.85,225084.71,616054.47,225183.43
907;837;606596.29,249779.84,606839.45,250004.23
1754;856;594142.55,233009.77,623173.27,247177.55
1192;685;600647.36,233407.51,600664.97,233417.63
1305;512;597229.2,219137.5,600903.93,220579.24
784;384;604921.38,235392.82,620054.86,242805.13
1487;1022;611442.59,237707.09,612388.72,238357.36
712;999;608155.92,229607.61,608168.47,229625.23
1724;521;611044.65,223646.3,613115.63,224272.16
1271;862;597390.43,237093.09,605234.27,242412.83
917;392;612913.32,227091.12,612942.29,227103.51
831;607;641239.52,247730.99,641294.1,247770.86
576;552;616915.9,226230.55,618945.78,228175.85
1124;899;613348.07,250946.78,613359.77,250956.14
1463;931;608953.84,229321,609136.82,229437.44
831;1060;617030.17,235383.72,624177.35,244500.45
989;625;639172.97,242549.75,642143.69,244427.1
1427;855;608834.64,249720.33,609142.47,249904.77
1332;626;600737.28,228550.2,601889.97,229091.93
1541;488;635425.38,249853.27,646375.1,253320.8
1503;493;604007.4,259799.1,609018.63,261442.84
1528;399;597377.76,252464.95,598208.76,252681.95
1187;817;607918.45,232249.49,607945.89,232268.38
597;973;637672.72,245451.57,637686.43,245473.92
1751;473;612301.1,225012.78,612815.87,225151.83
1920;696;632240.13,243643.24,632584.24,243767.98
1568;694;619329.56,222766.79,620772.76,223405.55
598;708;642958.25,250377.26,643021.23,250451.83
785;860;638399.46,255683.72,643539.35,261314.68
1793;894;615541.2,229671.75,622093.91,232938.96
1749;1025;611415.85,248899.41,612491.45,249529.77
852;952;617752.54,246512.99,618215.75,247030.57
1626;498;611982.05,225704.85,612548.82,225878.44
1187;391;607895.82,245965.21,607964.54,245987.85
769;983;635162.03,248155.83,635270.24,248294.16
1809;881;611156.01,232878.48,611192.23,232896.12
828;958;620005.59,234538.26,621848.11,236670.05
1617;731;619480.31,223312.63,644148.38,234464.37
1631;461;634839.06,245916.3,634865.98,245923.91
1052;550;607371.37,222029.14,626955.27,232267.87
1581;856;611510.53,246712.85,612089.3,247026.21
595;393;624037.67,242043.96,624230.29,242171.18
979;319;624630.69,235307.33,624656.3,235315.68
1408;336;602587.68,214522.07,607391.31,215668.39
1550;718;590446.9,245540.91,607998.55,253671.28
1562;386;602103.36,237626.61,608107.91,239110.45
1597;366;634446.17,242616.46,635940.34,242958.89
1048;1054;609420.44,234120.23,618797.16,243550.62
913;682;611410.45,237326.68,611514.15,237404.14
973;327;623280.23,237435.18,623354.19,237460.04
999;354;628495.08,235149.9,629566.36,235529.51
1583;432;615605.25,228994.57,615695.78,229019.27
1528;502;605637.33,230697.87,608393.96,231603.51
1372;1035;601086.71,229636.97,601429.6,229895.63
770;1021;596589.93,255920.64,606027.58,268434.71
869;961;640185.05,251987.02,640197.91,252001.24
519;810;619927.54,234605.2,621264.22,236691.34
1421;417;635490.48,247083.02,635597.16,247114.32
1847;713;604875.14,258469.63,604912.35,258484
600;860;629986.88,243576.82,633250.78,248255.08
882;630;592375.92,229319.25,592622.47,229495.36
567;852;634080.92,243050.05,636836.48,247190.67
1735;760;593112.7,245109.91,602891.75,249393.53
1415;484;611994.44,259826.1,613899.7,260477.79
1604;698;619534.6,245059.98,620296.29,245391.44
1799;661;608050.1,244892.03,614049.32,247096.3
1811;679;602924.44,231622.95,602981.89,231644.49
657;672;594655.11,227845.46,595903.91,229122.77
1232;409;636642,249744.75,637278.7,249956.12
1910;591;599138.15,232539.92,599806.62,232746.76
1117;1049;611840.37,241386.03,614215.36,243616.43
1490;477;607303.44,235131.07,620367.94,239313.46
717;758;626179.67,244204.46,640472.98,259315.1
576;907;644209.22,247721.14,644226.47,247748.3
920;438;597273.52,259797.94,601090.63,261615.21
1479;353;599384.59,259244.42,599420.99,259253.1
537;680;640679.42,235718.51,645488.76,241808.54
1849;707;613722,222933.19,615830.43,223739.38
1324;1049;617473.17,237301.7,618784.42,238340.6
1538;895;600991.54,248993.23,602522.06,249883.88
1821;614;642464.27,243228.31,642490.3,243237.09
1527;712;603239.03,225590.85,605870.35,226817.77
1500;502;614091.19,259226.95,615132.52,259575.45
1139;449;599981.26,254343.07,600624.14,254596.5
1489;304;593497.17,249775.56,621489.08,255490.5
1903;409;601194.14,237533.95,628706.24,243446.95
1541;640;630786.1,242145.08,632502.27,242857.83
834;888;607846.92,218872.33,611749.1,223027.17
1654;621;628296.86,243336.2,628337.72,243351.54
1744;489;638370.09,241528.62,639145.32,241745.98
1865;409;611982.59,240086.73,612011.87,240093.15
1141;781;615361.37,260634.85,618284.45,262635.66
1799;925;614593.92,226250.03,614733.26,226321.67
640;382;602279.54,235000.91,602308.91,235018.45
1310;321;602350.38,222235.76,604134.75,222673
1747;911;616154.95,251449.21,627912.32,257580.27
1321;426;610704.41,227847.33,610925.86,227918.75
1407;801;602096.4,228975.59,602118.26,228988.03
1905;766;614133.68,218906.98,623775.59,222783.99
1710;627;615928.82,234271.21,630150.83,239485.95
676;437;595458.58,213063.59,605767.75,219727.95
569;462;631886.38,245735.99,640598.69,252809.96
1456;858;632946.49,241542.09,633253.57,241723.05
1146;533;612842.81,229634.81,613051.07,229731.67
1511;871;597617.78,226852.52,597659.53,226876.59
1379;1054;630251.39,237858.3,631128.47,238528.67
1716;333;605545.85,223212.5,605624.05,223227.68
949;439;603177.38,228265.76,603193.24,228273.1
1526;306;614642.27,244221.49,616054.32,244504.64
1686;613;604656.82,229658.15,605152.24,229838.28
1543;593;602659,231766.85,610338.88,234718.35
1089;523;610756,229217.72,614203.27,230873.29
1044;665;637999.62,238770.29,646804.16,244378.55
1595;443;605618.17,223758.44,629104.17,230281.51
726;954;609400.01,234610.46,609551.85,234809.98
1566;416;618558.42,238511.19,618964.83,238619.15
1632;624;638617.76,247519.87,638659.69,247535.9
1884;574;617841.14,237917.33,618627.44,238156.89
1889;1061;619809.05,235447.11,628895.76,240550.87
1726;589;614465.29,244613.37,638103.59,252679.97
576;654;619261.45,243651.23,619301.71,243696.95
827;703;611563.54,249728.95,613159.61,251085.7
1818;878;629526.94,231971.21,643924.65,238924.56
1602;983;633278.97,243119.39,633528.79,243272.68
1352;1057;616995.61,249213.84,640024.85,267218.21
1350;1013;611516.49,250851.4,611533.13,250863.88
1349;1011;628487.93,239318.02,628525.98,239346.54
781;494;644501.01,249025.25,644786.32,249205.71
1646;471;625390.81,239640.03,625425.49,239649.96
1826;637;620120.61,245938.21,633346.86,250552.19
1530;921;634597.4,241781.92,636292.16,242802.1
1478;406;603347.2,258020,603572.25,258081.82
1496;999;642055.02,242851.85,642966.43,243460.47
1825;723;614848.78,248330.69,616375.33,248935.45
1836;609;638523.79,249200.37,638798.67,249291.55
1319;516;643129.95,247017.44,644006.93,247360.52
904;384;622682.91,234120.67,628117.91,236429.34
1469;678;612525.01,228686.36,613046.13,228926.88
1780;879;598739.96,218443.16,615112.38,226528.2
1645;612;594038.61,233107.11,603776.97,236730.13
1875;410;640840.55,246415.8,644435.12,247201.82
1386;685;612966.92,238622.98,613002.23,238640.44
869;707;641896.02,247352.76,641905.87,247360.77
1544;978;627919.8,241204.33,636961.19,246931.33
1900;368;612002.61,229766.51,616554.06,230648.05
1910;781;607614.09,230284.52,608090.57,230479.36
817;420;629758.94,231556.08,641231.06,237453.62
726;607;621508.25,246213.68,623119.28,247560.64
1007;589;617329.69,254399.61,617359.7,254417.17
501;862;596923.78,252020.92,597753.2,253447.99
1033;600;604435.11,235355.92,604873.41,235610.5
1050;540;604238.42,221949.85,604690.31,222182.25
826;862;635436.98,246991.04,639946.31,251696.9
1777;466;598253.25,217125.05,599038.03,217330.85
1539;475;626151.91,235260.71,626317.58,235311.84
860;950;634994.18,245335,635508.23,245902.85
1030;496;610953.1,228565.08,611622.91,228887.62
1296;1038;619714.94,230288.1,627638.83,236634.55
931;1051;635104.38,253875.31,644834.59,264859.68
1373;617;619972.01,241963.8,620926.87,242392.89
910;461;611812.73,234643.37,611891.83,234683.45
527;489;604565.26,227807.16,605355.04,228539.98
609;431;619863.05,245586.53,619889.28,245605.09
816;591;596443.51,253614.59,597332.4,254258.38
525;810;598016.19,226462.05,598707.11,227528.05
1495;1072;606266.95,248116.78,606347.93,248174.85
1479;482;613145.89,223709.37,613213.09,223731.27
1020;474;621635.32,241216.79,622788.02,241752.46
1215;408;603657.6,253964.76,621282.68,259883.31
1868;845;602582.46,230414.05,605804.19,231871.42
1205;1002;608386.24,258178.28,622241.09,269699.07
1529;315;616673.77,252516.32,618715.48,252936.95
1413;637;604922.19,221038.76,605022.3,221083.89
1033;657;609123.23,238838.28,609838.81,239293.4
1202;403;605325.66,226032.76,605340.47,226037.73
1103;709;597169.23,228719.19,598011.12,229260.35
1516;746;594222.35,245482.28,601210.39,248920.99
1606;1004;611767.83,228081.11,611810.07,228107.52
1703;890;615505.67,241958.24,649519.31,259734.01
1425;972;624136.3,241038.44,624400.23,241218.46
1169;633;612154.55,224714.3,612204.94,224741.59
660;685;602026.48,217713.25,602180.96,217873.58
1444;518;599384.94,215387.21,604980.43,217394.45
850;303;600091.13,219551.34,602048.56,220249.11
1591;754;612668.41,225663.96,612692.02,225675.15
1509;412;601210.07,237710.2,626057.42,244494.23
1588;773;616498.15,252826.13,636870.31,262742.81
1467;615;613478.83,238229.85,618781,240452.64
1202;975;610164,228640.42,610363,228801.84
1364;829;615083.06,238914.59,615589.87,239222.62
535;582;612355.93,246838.03,616633.73,251491.63
1614;1039;598191.1,217860.12,598211.28,217873.1
1485;340;592983.5,231369.54,615072.23,236426.89
843;1044;638183.63,248403.84,638668.3,249004.07
1381;326;601764,226297.23,603264.39,226651.42
513;493;603229.68,218398.92,603248.67,218417.17
748;866;607707.67,230376.98,616962.74,241092.07
1845;654;619445.61,237922.45,619625.14,237986.08
503;434;601782.38,227427.65,601792.9,227436.72
1572;861;597707.39,229154.13,597775.81,229191.6
1368;919;632044.58,246973.29,633360.57,247857.35
530;512;618346.71,241668.64,618363.33,241684.69
1566;604;634096.98,244635.49,634122.41,244645.3
1695;947;624534.33,248528.93,636171.76,255030.79
651;995;610865.7,224947.8,610877.84,224966.35
1243;641;609832.45,248285.41,610096.72,248421.68
1607;711;600057.38,228669.58,600424.65,228832.08
843;744;625403.83,245779.28,631582.88,251232.67
920;1037;611931.95,238015.06,611996.36,238087.66
1647;340;614187.62,250774.58,614336.81,250805.37
613;385;632409.91,243418.71,632416.32,243422.73
957;1071;602458.49,250105.19,611296.28,259995.75
1642;798;603673.66,231593.2,603716.23,231613.88
1706;448;614303.51,250654.8,620246.63,252215.47
1765;771;607993.65,232668.32,610103.95,233590.15
875;362;620341.21,236361.14,622041.27,237064.48
740;803;594637.28,221575.5,603074.1,230730.59
1293;329;596077.08,233624.89,602626.16,235291.29
1340;873;608360.74,251585.97,610337.14,252873.59
635;333;600264.16,227683.69,606353.72,230877.11
885;896;624981.02,246145.32,642678.79,264063.05
917;878;630747.07,246285.45,630763.93,246301.6
1148;836;613758.83,217639.12,620583.81,222609.23
1803;790;630240.71,240843.07,633291.64,242179.86
1719;359;608559.83,236714.23,608598.22,236722.25
1205;329;615375.81,238678.27,616724.46,239046.49
1715;1071;600212.64,258366.59,600547.45,258575.68
1489;761;604253.06,229927.56,605067.18,230343.64
1094;509;636462.36,243899.65,636541.28,243936.37
1503;774;630255.44,241448.92,630491.23,241570.34
1644;752;622049.84,244684.47,622247.72,244774.98
885;1002;604915.05,226609.18,604943.07,226640.91
1842;376;604877.82,218293.13,611832.89,219712.84
921;747;611930.82,254989.25,614849.84,257356.79
724;1033;609253.82,233183.85,611394.49,236238.15
704;608;629370.57,235158.68,629452.74,235229.64
982;1041;593433.18,228349.52,593447.83,228365.05
1461;704;596607.36,211366.89,601809.29,213873.5
1344;851;604258.72,221183.99,607248.67,223077.18
1719;411;614244.35,228126.12,615989.05,228543.26
793;820;601846.35,255674.72,603791.94,257686.55
1870;699;607110.9,238570.46,614055.52,241166.34
1359;553;627086.02,235728.53,627974.55,236090.09
861;831;605411.28,224559.67,605499.93,224645.24
1773;496;592973.75,244159.83,602529.93,246833.19
998;773;615642.71,253302.05,617195.11,254504.46
1051;828;636470.46,243769.92,636583.07,243858.64
1008;1069;611938.46,215803.93,622199.86,226686.31
877;491;627481.01,245062.36,627494.45,245069.89
1331;813;605959.46,247455.83,610102.87,249986.71
1366;957;622363.2,240589.3,630295.89,246146.83
688;846;591781.33,217964.6,594859.87,221750.13
1488;689;600761.65,248849.7,602421.99,249618.5
628;346;621971.11,230326.04,630075.83,234791.38
860;784;600474.32,229381.33,602079.49,230844.65
1688;954;605897.35,221049.86,613559.91,225380.47
757;309;611666.02,245916.69,612595.98,246296.29
1642;778;608893.05,244383.54,637069.94,257734.1
541;922;615245.36,247645.19,617101.53,250808.57
1102;746;613877.24,244500.54,613910.74,244523.22
1188;578;593016.79,227992.9,603048.38,232873.59
1309;680;615517.85,255168.47,618317.37,256622.76
972;1000;594280.37,216394.52,596971.28,219162.95
1682;975;612165.41,238834.86,612419.29,238982.02
1696;466;593428.03,237147.34,624466.78,245675.68
953;372;633373.92,250408.67,633897.23,250612.94
1796;1026;641116.33,248607.63,641376.57,248756.3
1427;692;617076.94,223951.72,620669.92,225694.08
908;475;618145.69,225934.99,635611.31,235071.73
1046;967;598744.68,250293.64,605298.93,256352.87
763;920;597422.05,224373.95,599118.36,226419.3
1882;547;606514.12,230103.49,608975.01,230818.75
1872;806;616363.13,257230.71,616482.8,257282.24
1711;966;613825.22,225536.57,614249.82,225776.3
1066;316;630116.82,237557.54,630153.22,237568.34
737;793;639262.34,252958.74,639360.93,253064.82
502;328;616600.54,255255.97,617064.37,255559.03
1885;665;635064.93,239709.98,649535.33,244814.93
1860;908;610370.64,245029.46,611202.83,245435.72
1761;402;615049.92,225276.61,622775.06,227040.1
1414;725;607267.39,243004.04,611376.4,245110.85
1529;505;600564.82,232693.12,602777.73,233424.01
770;859;610577.89,253139.71,610713.43,253290.93
1336;769;595867.62,251431.9,597683.94,252477.37
1819;867;603813.45,222244.93,603879.75,222276.53
527;402;607286.38,229789.92,607376.59,229858.74
1072;903;605514.72,247617.36,605642.85,247725.29
912;1023;607123.4,221444.27,618672.63,234399.17
1242;942;632710.36,247015.61,633379.47,247523.1
1056;968;607546.1,234011.07,607572.13,234034.94
1107;404;593630.63,246419.88,613317.84,253604.73
728;963;626084.15,246546.84,639836.93,264739.04
1700;884;624163.77,244226.32,632859.88,248748.3
1485;999;593680.99,249561.8,598539.62,252830.33
1234;392;639743.57,256599.47,639768.52,256607.4
630;838;626891.25,230455.27,630242.43,234912.87
1369;859;610348.82,248713.54,610653.7,248904.84
558;934;618299.53,240736.31,618445.29,240980.29
835;815;625791.97,230802.1,634356.78,239161.76
1797;1063;630663.42,238472.61,630706.08,238497.85
1856;941;619198.72,229966.92,633150.54,237040.55
1026;845;626787.01,238233.28,626873.92,238304.86
850;911;614429.18,217247.46,621755.98,225100.06
1082;431;600233.64,215017.63,606339.09,217449.65
1116;911;620897.08,227317.23,630816.46,235414.51
1683;849;608793.05,233457.69,609653.45,233891.72
974;841;604695.68,231831.82,604712.03,231845.94
1258;365;606400.4,256575.82,606942.33,256733.06
1516;449;612722.16,227744.55,612764.84,227757.19
1456;679;622720.2,255087.39,646405.84,266133.1
633;325;592198.8,223304.93,596073.41,225294.26
1323;685;640693.71,247729.9,640971.47,247873.71
1837;320;640283.09,248700.38,640405.69,248721.73
832;524;618346.91,218590.3,628129.41,224751.39
1503;752;610035.79,216587.93,624232.16,223690.84
1465;812;610441.3,254798.39,614353.01,256966.52
1543;619;607489.15,221413.96,617729.66,225522.1
1577;362;616026.74,226489.78,625300.2,228618.5
1063;370;603535.69,232272.72,603595.05,232293.38
1878;587;643150.1,248912.65,643327.1,248967.97
1254;797;608349.87,223090.94,609048.59,223535.02
1291;738;626164.97,242822.97,626244.56,242868.47
921;989;596975.02,226049.31,597413.52,226520.18
1917;377;618377.61,241444.97,618410.92,241451.52
1266;347;608353.88,249488.38,608453.39,249515.66
